,0
720,True
721,True
722,True
723,True
724,True
725,True
726,True
727,True
728,True
729,True
730,True
731,True
732,True
733,True
734,True
735,True
736,True
737,True
738,True
739,True
740,True
741,True
742,True
743,True
744,True
745,True
746,True
747,True
748,True
749,True
750,True
751,True
752,True
753,True
754,True
755,True
756,True
757,True
758,True
759,True
760,True
761,True
762,True
763,True
764,True
765,True
766,True
767,True
768,True
769,True
770,True
771,True
772,True
773,True
774,True
775,True
776,True
777,True
778,True
779,True
780,True
781,True
782,True
783,True
784,True
785,True
786,True
787,True
788,True
789,True
790,True
791,True
792,True
793,True
794,True
795,True
796,True
797,True
798,True
799,True
800,True
801,True
802,True
803,True
804,True
805,True
806,True
807,True
808,True
809,True
810,True
811,True
812,True
813,True
814,True
815,True
816,True
817,True
818,True
819,True
820,True
821,True
822,True
823,True
824,True
825,True
826,True
827,True
828,True
829,True
830,True
831,True
832,True
833,True
834,True
835,True
836,True
837,True
838,True
839,True
840,True
841,True
842,True
843,True
844,True
845,True
846,True
847,True
848,True
849,True
850,True
851,True
852,True
853,True
854,True
855,True
856,True
857,True
858,True
859,True
860,True
861,True
862,True
863,True
864,True
865,True
866,True
867,True
868,True
869,True
870,True
871,True
872,True
873,True
874,True
875,True
876,True
877,True
878,True
879,True
880,True
881,True
882,True
883,True
884,True
885,True
886,True
887,True
888,True
889,True
890,True
891,True
892,True
893,True
894,True
895,True
896,True
897,True
898,True
899,True
900,True
901,True
902,True
903,True
904,True
905,True
906,True
907,True
908,True
909,True
910,True
911,True
912,True
913,True
914,True
915,True
916,True
917,True
918,True
919,True
920,True
921,True
922,True
923,True
924,True
925,True
926,True
927,True
928,True
929,True
930,True
931,True
932,True
933,True
934,True
935,True
936,True
937,True
938,True
939,True
940,True
941,True
942,True
943,True
944,True
945,True
946,True
947,True
948,True
949,True
950,True
951,True
952,True
953,True
954,True
955,True
956,True
957,True
958,True
959,True
960,True
961,True
962,True
963,True
964,True
965,True
966,True
967,True
968,True
969,True
970,True
971,True
972,True
973,True
974,True
975,True
976,True
977,True
978,True
979,True
980,True
981,True
982,True
983,True
984,True
985,True
986,True
987,True
988,True
989,True
990,True
991,True
992,True
993,True
994,True
995,True
996,True
997,True
998,True
999,True
1000,True
1001,True
1002,True
1003,True
1004,True
1005,True
1006,True
1007,True
1008,True
1009,True
1010,True
1011,True
1012,True
1013,True
1014,True
1015,True
1016,True
1017,True
1018,True
1019,True
1020,True
1021,True
1022,True
1023,True
1024,True
1025,True
1026,True
1027,True
1028,True
1029,True
1030,True
1031,True
1032,True
1033,True
1034,True
1035,True
1036,True
1037,True
1038,True
1039,True
1040,True
1041,True
1042,True
1043,True
1044,True
1045,True
1046,True
1047,True
1048,True
1049,True
1050,True
1051,True
1052,True
1053,True
1054,True
1055,True
1056,True
1057,True
1058,True
1059,True
1060,True
1061,True
1062,True
1063,True
1064,True
1065,True
1066,True
1067,True
1068,True
1069,True
1070,True
1071,True
1072,True
1073,True
1074,True
1075,True
1076,True
1077,True
1078,True
1079,True
1080,True
1081,True
1082,True
1083,True
1084,True
1085,True
1086,True
1087,True
1088,True
1089,True
1090,True
1091,True
1092,True
1093,True
1094,True
1095,True
1096,True
1097,True
1098,True
1099,True
1100,True
1101,True
1102,True
1103,True
1104,True
1105,True
1106,True
1107,True
1108,True
1109,True
1110,True
1111,True
1112,True
1113,True
1114,True
1115,True
1116,True
1117,True
1118,True
1119,True
1120,True
1121,True
1122,True
1123,True
1124,True
1125,True
1126,True
1127,True
1128,True
1129,True
1130,True
1131,True
1132,True
1133,True
1134,True
1135,True
1136,True
1137,True
1138,True
1139,True
1140,True
1141,True
1142,True
1143,True
1144,True
1145,True
1146,True
1147,True
1148,True
1149,True
1150,True
1151,True
1152,True
1153,True
1154,True
1155,True
1156,True
1157,True
1158,True
1159,True
1160,True
1161,True
1162,True
1163,True
1164,True
1165,True
1166,True
1167,True
1168,True
1169,True
1170,True
1171,True
1172,True
1173,True
1174,True
1175,True
1176,True
1177,True
1178,True
1179,True
1180,True
1181,True
1182,True
1183,True
1184,True
1185,True
1186,True
1187,True
1188,True
1189,True
1190,True
1191,True
1192,True
1193,True
1194,True
1195,True
1196,True
1197,True
1198,True
1199,True
1200,True
1201,True
1202,True
1203,True
1204,True
1205,True
1206,True
1207,True
1208,True
1209,True
1210,True
1211,True
1212,True
1213,True
1214,True
1215,True
1216,True
1217,True
1218,True
1219,True
1220,True
1221,True
1222,True
1223,True
1224,True
1225,True
1226,True
1227,True
1228,True
1229,True
1230,True
1231,True
1232,True
1233,True
1234,True
1235,True
1236,True
1237,True
1238,True
1239,True
1240,True
1241,True
1242,True
1243,True
1244,True
1245,True
1246,True
1247,True
1248,True
1249,True
1250,True
1251,True
1252,True
1253,True
1254,True
1255,True
1256,True
1257,True
1258,True
1259,True
1260,True
1261,True
1262,True
1263,True
1264,True
1265,True
1266,True
1267,True
1268,True
1269,True
1270,True
1271,True
1272,True
1273,True
1274,True
1275,True
1276,True
1277,True
1278,True
1279,True
1280,True
1281,True
1282,True
1283,True
1284,True
1285,True
1286,True
1287,True
1288,True
1289,True
1290,True
1291,True
1292,True
1293,True
1294,True
1295,True
1296,True
1297,True
1298,True
1299,True
1300,True
1301,True
1302,True
1303,True
1304,True
1305,True
1306,True
1307,True
1308,True
1309,True
1310,True
1311,True
1312,True
1313,True
1314,True
1315,True
1316,True
1317,True
1318,True
1319,True
1320,True
1321,True
1322,True
1323,True
1324,True
1325,True
1326,True
1327,True
1328,True
1329,True
1330,True
1331,True
1332,True
1333,True
1334,True
1335,True
1336,True
1337,True
1338,True
1339,True
1340,True
1341,True
1342,True
1343,True
1344,True
1345,True
1346,True
1347,True
1348,True
1349,True
1350,True
1351,True
1352,True
1353,True
1354,True
1355,True
1356,True
1357,True
1358,True
1359,True
1360,True
1361,True
1362,True
1363,True
1364,True
1365,True
1366,True
1367,True
1368,True
1369,True
1370,True
1371,True
1372,True
1373,True
1374,True
1375,True
1376,True
1377,True
1378,True
1379,True
1380,True
1381,True
1382,True
1383,True
1384,True
1385,True
1386,True
1387,True
1388,True
1389,True
1390,True
1391,True
1392,True
1393,True
1394,True
1395,True
1396,True
1397,True
1398,True
1399,True
1400,True
1401,True
1402,True
1403,True
1404,True
1405,True
1406,True
1407,True
1408,True
1409,True
1410,True
1411,True
1412,True
1413,True
1414,True
1415,True
1416,True
1417,True
1418,True
1419,True
1420,True
1421,True
1422,True
1423,True
1424,True
1425,True
1426,True
1427,True
1428,True
1429,True
1430,True
1431,True
1432,True
1433,True
1434,True
1435,True
1436,True
1437,True
1438,True
1439,True
1440,True
1441,True
1442,True
1443,True
1444,True
1445,True
1446,True
1447,True
1448,True
1449,True
1450,True
1451,True
1452,True
1453,True
1454,True
1455,True
1456,True
1457,True
1458,True
1459,True
1460,True
1461,True
1462,True
1463,True
1464,True
1465,True
1466,True
1467,True
1468,True
1469,True
1470,True
1471,True
1472,True
1473,True
1474,True
1475,True
1476,True
1477,True
1478,True
1479,False
1480,False
1481,False
1482,False
1483,False
1484,False
1485,False
1486,False
1487,False
1488,False
1489,False
1490,False
1491,False
1492,False
1493,False
1494,False
1495,False
1496,False
1497,False
1498,False
1499,False
1500,False
1501,False
1502,False
1503,False
1504,True
1505,True
1506,False
1507,False
1508,False
1509,False
1510,False
1511,False
1512,False
1513,False
1514,False
1515,False
1516,False
1517,False
1518,False
1519,False
1520,False
1521,False
1522,False
1523,False
1524,False
1525,False
1526,False
1527,False
1528,False
1529,False
1530,False
1531,False
1532,False
1533,False
1534,False
1535,False
1536,False
1537,False
1538,False
1539,False
1540,False
1541,False
1542,False
1543,False
1544,False
1545,False
1546,False
1547,False
1548,False
1549,False
1550,False
1551,False
1552,False
1553,False
1554,False
1555,False
1556,False
1557,False
1558,False
1559,False
1560,False
1561,False
1562,False
1563,False
1564,False
1565,False
1566,False
1567,False
1568,False
1569,False
1570,False
1571,False
1572,False
1573,False
1574,False
1575,False
1576,False
1577,False
1578,False
1579,False
1580,False
1581,False
1582,False
1583,False
1584,False
1585,False
1586,False
1587,False
1588,False
1589,False
1590,False
1591,False
1592,False
1593,False
1594,False
1595,False
1596,False
1597,False
1598,False
1599,False
1600,False
1601,False
1602,False
1603,False
1604,False
1605,False
1606,False
1607,False
1608,False
1609,False
1610,False
1611,False
1612,False
1613,False
1614,False
1615,False
1616,False
1617,False
1618,False
1619,False
1620,False
1621,False
1622,False
1623,False
1624,False
1625,False
1626,False
1627,False
1628,False
1629,False
1630,False
1631,False
1632,False
1633,True
1634,False
1635,False
1636,False
1637,False
1638,False
1639,False
1640,False
1641,False
1642,False
1643,False
1644,False
1645,False
1646,False
1647,False
1648,False
1649,False
1650,False
1651,False
1652,False
1653,False
1654,False
1655,False
1656,False
1657,False
1658,False
1659,False
1660,False
1661,False
1662,False
1663,False
1664,False
1665,False
1666,False
1667,False
1668,False
1669,False
1670,False
1671,False
1672,False
1673,False
1674,False
1675,False
1676,False
1677,False
1678,False
1679,False
1680,False
1681,False
1682,False
1683,False
1684,False
1685,False
1686,False
1687,False
1688,False
1689,False
1690,False
1691,False
1692,False
1693,False
1694,False
1695,False
1696,False
1697,False
1698,False
1699,False
1700,False
1701,False
1702,False
1703,False
1704,False
1705,False
1706,False
1707,False
1708,False
1709,False
1710,False
1711,False
1712,False
1713,False
1714,False
1715,False
1716,False
1717,False
1718,False
1719,False
1720,False
1721,False
1722,False
1723,False
1724,False
1725,False
1726,False
1727,False
1728,False
1729,False
1730,False
1731,False
1732,False
1733,False
1734,False
1735,False
1736,False
1737,False
1738,False
1739,False
1740,False
1741,False
1742,False
1743,False
1744,False
1745,False
1746,False
1747,False
1748,False
1749,False
1750,False
1751,False
1752,False
1753,False
1754,False
1755,False
1756,False
1757,False
1758,False
1759,False
1760,False
1761,False
1762,False
1763,False
1764,False
1765,False
1766,False
1767,False
1768,False
1769,False
1770,False
1771,False
1772,False
1773,False
1774,False
1775,False
1776,False
1777,False
1778,False
1779,False
1780,False
1781,False
1782,False
1783,False
1784,False
1785,False
1786,False
1787,False
1788,False
1789,False
1790,False
1791,False
1792,False
1793,False
1794,False
1795,False
1796,False
1797,False
1798,False
1799,False
1800,False
1801,False
1802,False
1803,False
1804,False
1805,False
1806,False
1807,False
1808,False
1809,False
1810,False
1811,False
1812,False
1813,False
1814,False
1815,False
1816,False
1817,False
1818,False
1819,False
1820,False
1821,False
1822,False
1823,False
1824,False
1825,False
1826,False
1827,False
1828,False
1829,False
1830,False
1831,False
1832,False
1833,False
1834,False
1835,False
1836,False
1837,False
1838,False
1839,False
1840,False
1841,False
1842,False
1843,False
1844,False
1845,False
1846,False
1847,False
1848,False
1849,False
1850,False
1851,False
1852,False
1853,False
1854,False
1855,False
1856,False
1857,False
1858,False
1859,False
1860,False
1861,False
1862,False
1863,False
1864,False
1865,False
1866,False
1867,False
1868,False
1869,False
1870,False
1871,False
1872,False
1873,False
1874,False
1875,False
1876,False
1877,False
1878,False
1879,False
1880,False
1881,False
1882,False
1883,False
1884,False
1885,False
1886,False
1887,False
1888,False
1889,False
1890,False
1891,False
1892,False
1893,False
1894,False
1895,False
1896,False
1897,False
1898,False
1899,False
1900,False
1901,False
1902,False
1903,False
1904,False
1905,False
1906,False
1907,False
1908,False
1909,False
1910,False
1911,False
1912,False
1913,False
1914,False
1915,False
1916,False
1917,False
1918,False
1919,False
1920,False
1921,False
1922,False
1923,False
1924,False
1925,False
1926,False
1927,False
1928,False
1929,False
1930,False
1931,False
1932,False
1933,False
1934,False
1935,False
1936,False
1937,False
1938,False
1939,False
1940,False
1941,False
1942,False
1943,False
1944,False
1945,False
1946,False
1947,False
1948,False
1949,False
1950,False
1951,False
1952,False
1953,False
1954,False
1955,False
1956,False
1957,False
1958,False
1959,False
1960,False
1961,False
1962,False
1963,False
1964,False
1965,False
1966,False
1967,False
1968,False
1969,False
1970,False
1971,False
1972,False
1973,False
1974,False
1975,False
1976,False
1977,False
1978,False
1979,False
1980,False
1981,False
1982,False
1983,False
1984,False
1985,False
1986,False
1987,False
1988,False
1989,False
1990,False
1991,False
1992,False
1993,False
1994,False
1995,False
1996,False
1997,False
1998,False
1999,False
2000,False
2001,False
2002,False
2003,False
2004,False
2005,False
2006,False
2007,False
2008,False
2009,False
2010,False
2011,False
2012,False
2013,False
2014,False
2015,False
2016,False
2017,False
2018,False
2019,False
2020,False
2021,False
2022,False
2023,False
2024,False
2025,False
2026,False
2027,False
2028,False
2029,False
2030,False
2031,False
2032,False
2033,False
2034,False
2035,False
2036,False
2037,False
2038,False
2039,False
2040,False
2041,False
2042,False
2043,False
2044,False
2045,False
2046,False
2047,False
2048,False
2049,False
2050,False
2051,False
2052,False
2053,False
2054,False
2055,False
2056,False
2057,False
2058,False
2059,False
2060,False
2061,False
2062,False
2063,False
2064,False
2065,False
2066,False
2067,False
2068,False
2069,False
2070,False
2071,False
2072,False
2073,False
2074,False
2075,False
2076,False
2077,False
2078,False
2079,False
2080,False
2081,False
2082,False
2083,True
2084,False
2085,False
2086,False
2087,False
2088,False
2089,False
2090,False
2091,True
2092,True
2093,False
2094,False
2095,False
2096,False
2097,True
2098,True
2099,False
2100,False
2101,False
2102,False
2103,False
2104,False
2105,True
2106,True
2107,True
2108,True
2109,True
2110,True
2111,True
2112,True
2113,True
2114,True
2115,False
2116,True
2117,False
2118,False
2119,False
2120,False
2121,True
2122,True
2123,False
2124,False
2125,True
2126,True
2127,True
2128,True
2129,True
2130,True
2131,True
2132,True
2133,True
2134,True
2135,True
2136,True
2137,True
2138,True
2139,True
2140,True
2141,True
2142,True
2143,True
2144,True
2145,True
2146,True
2147,True
2148,True
2149,True
2150,True
2151,True
2152,True
2153,True
2154,True
2155,True
2156,True
2157,True
2158,True
2159,True
2160,True
2161,True
2162,True
2163,True
2164,True
2165,True
2166,True
2167,True
2168,True
2169,True
2170,True
2171,True
2172,True
2173,True
2174,True
2175,True
2176,True
2177,True
2178,True
2179,True
2180,True
2181,True
2182,True
2183,True
2184,True
2185,True
2186,True
2187,True
2188,True
2189,True
2190,True
2191,True
2192,True
2193,True
2194,True
2195,True
2196,True
2197,True
2198,True
2199,True
2200,True
2201,True
2202,True
2203,True
2204,True
2205,True
2206,True
2207,True
2208,True
2209,True
2210,True
2211,True
2212,True
2213,True
2214,True
2215,True
2216,True
2217,True
2218,True
2219,True
2220,True
2221,True
2222,True
2223,True
2224,True
2225,True
2226,True
2227,True
2228,True
2229,True
2230,True
2231,True
2232,True
2233,True
2234,True
2235,True
2236,True
2237,True
2238,True
2239,True
2240,True
2241,True
2242,True
2243,True
2244,True
2245,True
2246,True
2247,True
2248,True
2249,True
2250,True
2251,True
2252,True
2253,True
2254,True
2255,True
2256,True
2257,False
2258,False
2259,False
2260,False
2261,False
2262,False
2263,False
2264,False
2265,False
2266,False
2267,False
2268,False
2269,False
2270,True
2271,False
2272,True
2273,True
2274,True
2275,True
2276,False
2277,False
2278,False
2279,False
2280,True
2281,True
2282,True
2283,True
2284,True
2285,True
2286,True
2287,True
2288,True
2289,True
2290,True
2291,True
2292,True
2293,True
2294,True
2295,True
2296,True
2297,True
2298,True
2299,True
2300,True
2301,True
2302,True
2303,True
2304,True
2305,True
2306,True
2307,True
2308,True
2309,True
2310,True
2311,True
2312,True
2313,True
2314,True
2315,True
2316,True
2317,True
2318,True
2319,True
2320,True
2321,True
2322,True
2323,True
2324,True
2325,True
2326,True
2327,True
2328,True
2329,True
2330,True
2331,True
2332,True
2333,True
2334,True
2335,True
2336,True
2337,True
2338,True
2339,True
2340,True
2341,True
2342,True
2343,True
2344,True
2345,True
2346,True
2347,True
2348,True
2349,True
2350,True
2351,True
2352,True
2353,True
2354,True
2355,True
2356,True
2357,True
2358,True
2359,True
2360,True
2361,True
2362,True
2363,True
2364,True
2365,True
2366,True
2367,True
2368,True
2369,True
2370,True
2371,True
2372,True
2373,True
2374,True
2375,True
2376,True
2377,True
2378,True
2379,True
2380,True
2381,True
2382,True
2383,True
2384,True
2385,True
2386,True
2387,True
2388,True
2389,True
2390,True
2391,True
2392,True
2393,True
2394,True
2395,True
2396,True
2397,True
2398,True
2399,True
2400,True
2401,True
2402,True
2403,True
2404,True
2405,True
2406,True
2407,True
2408,True
2409,True
2410,True
2411,True
2412,True
2413,True
2414,True
2415,True
2416,True
2417,True
2418,True
2419,True
2420,True
2421,True
2422,True
2423,True
2424,True
2425,True
2426,True
2427,True
2428,True
2429,True
2430,True
2431,True
2432,True
2433,True
2434,True
2435,True
2436,True
2437,True
2438,True
2439,True
2440,True
2441,True
2442,True
2443,True
2444,True
2445,True
2446,True
2447,True
2448,True
2449,True
2450,True
2451,True
2452,True
2453,True
2454,True
2455,True
2456,True
2457,True
2458,True
2459,True
2460,True
2461,True
2462,True
2463,True
2464,True
2465,True
2466,True
2467,True
2468,True
2469,True
2470,True
2471,True
2472,True
2473,True
2474,True
2475,True
2476,True
2477,True
2478,True
2479,True
2480,True
2481,True
2482,True
2483,True
2484,True
2485,True
2486,True
2487,True
2488,True
2489,True
2490,True
2491,True
2492,True
2493,True
2494,True
2495,True
2496,True
2497,True
2498,True
2499,True
2500,True
2501,True
2502,True
2503,True
2504,True
2505,True
2506,True
2507,True
2508,True
2509,True
2510,True
2511,True
2512,True
2513,True
2514,True
2515,True
2516,True
2517,True
2518,True
2519,True
2520,True
2521,True
2522,True
2523,True
2524,True
2525,True
2526,True
2527,True
2528,True
2529,True
2530,True
2531,True
2532,True
2533,True
2534,True
2535,True
2536,True
2537,True
2538,True
2539,True
2540,True
2541,True
2542,True
2543,True
2544,True
2545,True
2546,True
2547,True
2548,True
2549,True
2550,True
2551,True
2552,True
2553,True
2554,True
2555,True
2556,True
2557,True
2558,True
2559,True
2560,True
2561,True
2562,True
2563,True
2564,True
2565,True
2566,True
2567,True
2568,True
2569,True
2570,True
2571,True
2572,True
2573,True
2574,True
2575,True
2576,True
2577,True
2578,True
2579,True
2580,True
2581,True
2582,True
2583,True
2584,True
2585,True
2586,True
2587,True
2588,True
2589,True
2590,True
2591,True
2592,True
2593,True
2594,True
2595,True
2596,True
2597,True
2598,True
2599,True
2600,True
2601,True
2602,True
2603,True
2604,True
2605,True
2606,True
2607,True
2608,True
2609,True
2610,True
2611,True
2612,True
2613,True
2614,True
2615,True
2616,True
2617,True
2618,True
2619,True
2620,True
2621,True
2622,True
2623,True
2624,True
2625,False
2626,False
2627,False
2628,False
2629,False
2630,False
2631,False
2632,False
2633,False
2634,False
2635,False
2636,False
2637,False
2638,False
2639,False
2640,False
2641,False
2642,False
2643,False
2644,False
2645,False
2646,False
2647,False
2648,False
2649,False
2650,False
2651,False
2652,False
2653,False
2654,False
2655,False
2656,False
2657,False
2658,False
2659,False
2660,False
2661,False
2662,False
2663,False
2664,False
2665,False
2666,False
2667,False
2668,False
2669,False
2670,False
2671,False
2672,False
2673,False
2674,False
2675,False
2676,False
2677,False
2678,False
2679,False
2680,False
2681,False
2682,False
2683,False
2684,False
2685,False
2686,False
2687,False
2688,False
2689,False
2690,False
2691,False
2692,False
2693,False
2694,False
2695,False
2696,False
2697,False
2698,False
2699,False
2700,False
2701,False
2702,False
2703,False
2704,False
2705,False
2706,False
2707,False
2708,False
2709,False
2710,False
2711,False
2712,False
2713,False
2714,False
2715,False
2716,False
2717,False
2718,False
2719,False
2720,False
2721,False
2722,False
2723,False
2724,False
2725,False
2726,False
2727,False
2728,False
2729,False
2730,False
2731,False
2732,False
2733,False
2734,False
2735,False
2736,False
2737,False
2738,False
2739,False
2740,False
2741,False
2742,False
2743,False
2744,False
2745,False
2746,False
2747,False
2748,False
2749,False
2750,False
2751,False
2752,False
2753,False
2754,False
2755,False
2756,False
2757,False
2758,False
2759,False
2760,False
2761,False
2762,False
2763,False
2764,False
2765,False
2766,False
2767,False
2768,False
2769,False
2770,False
2771,False
2772,False
2773,False
2774,False
2775,False
2776,False
2777,False
2778,False
2779,False
2780,False
2781,False
2782,False
2783,False
2784,False
2785,False
2786,False
2787,False
2788,False
2789,False
2790,False
2791,False
2792,False
2793,False
2794,False
2795,False
2796,False
2797,False
2798,False
2799,False
2800,False
2801,False
2802,False
2803,False
2804,False
2805,False
2806,False
2807,False
2808,False
2809,False
2810,False
2811,False
2812,False
2813,False
2814,False
2815,False
2816,False
2817,False
2818,False
2819,False
2820,False
2821,False
2822,False
2823,False
2824,False
2825,False
2826,False
2827,False
2828,False
2829,False
2830,False
2831,False
2832,False
2833,False
2834,False
2835,False
2836,False
2837,False
2838,False
2839,False
2840,False
2841,False
2842,False
2843,False
2844,False
2845,False
2846,False
2847,False
2848,False
2849,False
2850,False
2851,False
2852,False
2853,False
2854,False
2855,False
2856,False
2857,False
2858,False
2859,False
2860,False
2861,False
2862,False
2863,False
2864,False
2865,False
2866,False
2867,False
2868,False
2869,False
2870,False
2871,False
2872,False
2873,False
2874,False
2875,False
2876,False
2877,False
2878,False
2879,False
2880,False
2881,False
2882,False
2883,False
2884,False
2885,False
2886,False
2887,False
2888,False
2889,False
2890,False
2891,False
2892,False
2893,False
2894,False
2895,False
2896,False
2897,False
2898,False
2899,False
2900,False
2901,False
2902,False
2903,False
2904,False
2905,False
2906,False
2907,False
2908,False
2909,False
2910,False
2911,False
2912,False
2913,False
2914,False
2915,False
2916,False
2917,False
2918,False
2919,False
2920,False
2921,False
2922,False
2923,False
2924,False
2925,False
2926,False
2927,False
2928,False
2929,False
2930,False
2931,False
2932,False
2933,False
2934,False
2935,False
2936,False
2937,False
2938,False
2939,False
2940,False
2941,False
2942,False
2943,False
2944,False
2945,False
2946,False
2947,False
2948,False
2949,False
2950,False
2951,False
2952,False
2953,False
2954,False
2955,False
2956,False
2957,False
2958,False
2959,False
2960,False
2961,True
2962,True
2963,True
2964,True
2965,True
2966,True
2967,True
2968,True
2969,True
2970,False
2971,False
2972,False
2973,False
2974,False
2975,True
2976,True
2977,True
2978,True
2979,True
2980,True
2981,True
2982,True
2983,True
2984,True
2985,True
2986,True
2987,True
2988,True
2989,True
2990,True
2991,True
2992,True
2993,True
2994,True
2995,True
2996,True
2997,True
2998,True
2999,True
3000,True
3001,True
3002,True
3003,True
3004,True
3005,True
3006,True
3007,True
3008,True
3009,True
3010,True
3011,True
3012,True
3013,True
3014,False
3015,False
3016,False
3017,True
3018,True
3019,True
3020,True
3021,True
3022,True
3023,True
3024,True
3025,True
3026,True
3027,True
3028,True
3029,True
3030,True
3031,True
3032,True
3033,True
3034,True
3035,True
3036,True
3037,True
3038,True
3039,True
3040,True
3041,True
3042,True
3043,True
3044,True
3045,True
3046,True
3047,True
3048,True
3049,True
3050,True
3051,True
3052,True
3053,True
3054,True
3055,True
3056,True
3057,True
3058,True
3059,True
3060,True
3061,True
3062,True
3063,True
3064,True
3065,True
3066,True
3067,True
3068,True
3069,True
3070,True
3071,True
3072,True
3073,True
3074,True
3075,True
3076,True
3077,True
3078,True
3079,True
3080,True
3081,True
3082,True
3083,True
3084,True
3085,True
3086,True
3087,True
3088,True
3089,True
3090,True
3091,True
3092,True
3093,True
3094,True
3095,True
3096,True
3097,True
3098,True
3099,True
3100,True
3101,True
3102,True
3103,True
3104,True
3105,True
3106,True
3107,True
3108,True
3109,True
3110,True
3111,True
3112,True
3113,True
3114,True
3115,True
3116,True
3117,True
3118,True
3119,True
3120,True
3121,True
3122,True
3123,True
3124,True
3125,True
3126,True
3127,True
3128,True
3129,True
3130,True
3131,True
3132,True
3133,True
3134,True
3135,True
3136,True
3137,True
3138,True
3139,True
3140,True
3141,True
3142,True
3143,True
3144,True
3145,True
3146,True
3147,True
3148,True
3149,True
3150,True
3151,True
3152,True
3153,True
3154,True
3155,True
3156,True
3157,True
3158,True
3159,True
3160,True
3161,True
3162,True
3163,True
3164,True
3165,True
3166,True
3167,True
3168,True
3169,True
3170,True
3171,True
3172,True
3173,True
3174,True
3175,True
3176,True
3177,False
3178,False
3179,False
3180,False
3181,True
3182,True
3183,True
3184,True
3185,False
3186,False
3187,False
3188,True
3189,True
3190,True
3191,True
3192,True
3193,True
3194,True
3195,False
3196,False
3197,False
3198,False
3199,False
3200,False
3201,False
3202,False
3203,False
3204,False
3205,False
3206,False
3207,False
3208,False
3209,False
3210,False
3211,False
3212,False
3213,False
3214,False
3215,False
3216,False
3217,False
3218,False
3219,False
3220,False
3221,False
3222,False
3223,False
3224,False
3225,False
3226,False
3227,False
3228,False
3229,False
3230,False
3231,False
3232,False
3233,False
3234,False
3235,False
3236,False
3237,False
3238,False
3239,False
3240,False
3241,False
3242,False
3243,False
3244,False
3245,False
3246,False
3247,False
3248,False
3249,False
3250,False
3251,False
3252,False
3253,False
3254,False
3255,False
3256,False
3257,False
3258,False
3259,False
3260,False
3261,False
3262,False
3263,False
3264,False
3265,False
3266,False
3267,False
3268,False
3269,False
3270,False
3271,False
3272,False
3273,False
3274,False
3275,False
3276,False
3277,False
3278,False
3279,False
3280,False
3281,False
3282,False
3283,False
3284,False
3285,False
3286,False
3287,False
3288,False
3289,False
3290,False
3291,False
3292,False
3293,False
3294,False
3295,False
3296,False
3297,False
3298,False
3299,False
3300,False
3301,False
3302,False
3303,False
3304,False
3305,False
3306,False
3307,False
3308,False
3309,False
3310,False
3311,False
3312,False
3313,False
3314,False
3315,False
3316,False
3317,False
3318,False
3319,False
3320,False
3321,False
3322,False
3323,False
3324,False
3325,False
3326,False
3327,False
3328,False
3329,False
3330,False
3331,False
3332,False
3333,False
3334,False
3335,False
3336,False
3337,False
3338,False
3339,False
3340,False
3341,False
3342,False
3343,False
3344,False
3345,False
3346,False
3347,False
3348,False
3349,False
3350,False
3351,False
3352,False
3353,False
3354,False
3355,False
3356,False
3357,False
3358,False
3359,False
3360,False
3361,False
3362,False
3363,False
3364,True
3365,False
3366,False
3367,False
3368,False
3369,False
3370,False
3371,False
3372,False
3373,False
3374,False
3375,False
3376,False
3377,False
3378,False
3379,False
3380,False
3381,False
3382,False
3383,False
3384,True
3385,True
3386,False
3387,False
3388,False
3389,False
3390,False
3391,False
3392,False
3393,False
3394,False
3395,False
3396,False
3397,False
3398,True
3399,True
3400,True
3401,True
3402,True
3403,True
3404,True
3405,True
3406,True
3407,True
3408,True
3409,True
3410,True
3411,True
3412,True
3413,True
3414,True
3415,True
3416,True
3417,True
3418,True
3419,True
3420,True
3421,True
3422,True
3423,True
3424,True
3425,True
3426,True
3427,True
3428,True
3429,True
3430,True
3431,True
3432,True
3433,True
3434,True
3435,True
3436,True
3437,True
3438,True
3439,True
3440,True
3441,True
3442,True
3443,True
3444,True
3445,True
3446,True
3447,True
3448,True
3449,True
3450,True
3451,True
3452,True
3453,True
3454,True
3455,True
3456,True
3457,True
3458,True
3459,True
3460,True
3461,True
3462,True
3463,True
3464,True
3465,True
3466,True
3467,True
3468,True
3469,True
3470,True
3471,True
3472,True
3473,True
3474,True
3475,True
3476,True
3477,True
3478,True
3479,True
3480,True
3481,True
3482,True
3483,True
3484,True
3485,True
3486,True
3487,True
3488,True
3489,True
3490,True
3491,True
3492,True
3493,True
3494,True
3495,True
3496,True
3497,True
3498,True
3499,True
3500,True
3501,True
3502,True
3503,True
3504,True
3505,True
3506,True
3507,True
3508,True
3509,False
3510,True
3511,True
3512,True
3513,True
3514,True
3515,True
3516,True
3517,True
3518,True
3519,True
3520,False
3521,True
3522,False
3523,True
3524,True
3525,True
3526,True
3527,False
3528,True
3529,True
3530,False
3531,True
3532,True
3533,False
3534,False
3535,True
3536,True
3537,True
3538,True
3539,True
3540,True
3541,True
3542,True
3543,True
3544,True
3545,True
3546,True
3547,True
3548,True
3549,True
3550,False
3551,False
3552,True
3553,True
3554,False
3555,False
3556,False
3557,False
3558,False
3559,False
3560,False
3561,False
3562,False
3563,False
3564,False
3565,False
3566,False
3567,False
3568,False
3569,False
3570,False
3571,False
3572,False
3573,False
3574,False
3575,True
3576,True
3577,False
3578,False
3579,False
3580,False
3581,False
3582,False
3583,False
3584,False
3585,True
3586,True
3587,True
3588,True
3589,True
3590,True
3591,True
3592,True
3593,True
3594,True
3595,True
3596,True
3597,True
3598,True
3599,True
3600,True
3601,True
3602,True
3603,False
3604,False
3605,False
3606,False
3607,False
3608,False
3609,False
3610,False
3611,False
3612,False
3613,False
3614,False
3615,False
3616,False
3617,True
3618,True
3619,True
3620,True
3621,True
3622,True
3623,True
3624,False
3625,False
3626,False
3627,True
3628,False
3629,False
3630,True
3631,True
3632,True
3633,True
3634,True
3635,True
3636,True
3637,True
3638,True
3639,True
3640,True
3641,True
3642,True
3643,True
3644,True
3645,True
3646,True
3647,True
3648,True
3649,True
3650,True
3651,True
3652,True
3653,True
3654,True
3655,True
3656,True
3657,True
3658,True
3659,True
3660,True
3661,True
3662,True
3663,True
3664,True
3665,True
3666,True
3667,True
3668,True
3669,True
3670,True
3671,True
3672,True
3673,True
3674,True
3675,True
3676,True
3677,True
3678,True
3679,True
3680,True
3681,True
3682,True
3683,True
3684,True
3685,True
3686,True
3687,True
3688,True
3689,True
3690,True
3691,True
3692,True
3693,True
3694,True
3695,True
3696,True
3697,True
3698,True
3699,True
3700,True
3701,True
3702,True
3703,True
3704,True
3705,True
3706,True
3707,True
3708,True
3709,True
3710,True
3711,True
3712,True
3713,True
3714,True
3715,True
3716,True
3717,True
3718,True
3719,True
3720,True
3721,True
3722,True
3723,True
3724,True
3725,True
3726,True
3727,True
3728,True
3729,True
3730,True
3731,True
3732,True
3733,True
3734,True
3735,True
3736,True
3737,True
3738,True
3739,True
3740,True
3741,True
3742,True
3743,True
3744,True
3745,True
3746,True
3747,True
3748,True
3749,True
3750,True
3751,True
3752,True
3753,True
3754,True
3755,True
3756,True
3757,True
3758,True
3759,True
3760,True
3761,True
3762,True
3763,True
3764,True
3765,True
3766,True
3767,True
3768,True
3769,True
3770,True
3771,True
3772,True
3773,True
3774,True
3775,True
3776,True
3777,True
3778,True
3779,True
3780,True
3781,True
3782,True
3783,True
3784,True
3785,True
3786,True
3787,True
3788,True
3789,True
3790,True
3791,True
3792,True
3793,True
3794,True
3795,True
3796,True
3797,True
3798,True
3799,True
3800,True
3801,True
3802,True
3803,True
3804,True
3805,True
3806,True
3807,True
3808,True
3809,True
3810,True
3811,True
3812,True
3813,True
3814,True
3815,True
3816,True
3817,True
3818,True
3819,True
3820,True
3821,True
3822,True
3823,True
3824,True
3825,True
3826,True
3827,True
3828,True
3829,True
3830,True
3831,True
3832,True
3833,True
3834,True
3835,True
3836,True
3837,True
3838,True
3839,True
3840,True
3841,True
3842,True
3843,True
3844,True
3845,True
3846,True
3847,True
3848,True
3849,True
3850,True
3851,True
3852,True
3853,True
3854,True
3855,True
3856,True
3857,True
3858,True
3859,True
3860,True
3861,True
3862,True
3863,True
3864,True
3865,True
3866,True
3867,True
3868,True
3869,True
3870,True
3871,True
3872,True
3873,True
3874,True
3875,True
3876,True
3877,True
3878,True
3879,True
3880,True
3881,True
3882,True
3883,True
3884,True
3885,True
3886,True
3887,True
3888,True
3889,True
3890,True
3891,True
3892,True
3893,True
3894,True
3895,True
3896,True
3897,True
3898,True
3899,True
3900,True
3901,True
3902,True
3903,True
3904,True
3905,True
3906,True
3907,True
3908,True
3909,True
3910,True
3911,True
3912,True
3913,True
3914,True
3915,True
3916,True
3917,True
3918,True
3919,True
3920,True
3921,True
3922,True
3923,True
3924,True
3925,True
3926,True
3927,True
3928,True
3929,True
3930,True
3931,True
3932,True
3933,True
3934,True
3935,True
3936,True
3937,True
3938,True
3939,True
3940,True
3941,True
3942,True
3943,True
3944,True
3945,True
3946,True
3947,True
3948,True
3949,True
3950,True
3951,True
3952,True
3953,True
3954,True
3955,True
3956,True
3957,True
3958,True
3959,True
3960,True
3961,True
3962,True
3963,True
3964,True
3965,True
3966,True
3967,True
3968,True
3969,True
3970,True
3971,True
3972,True
3973,True
3974,True
3975,True
3976,True
3977,True
3978,True
3979,True
3980,True
3981,True
3982,True
3983,True
3984,True
3985,True
3986,True
3987,True
3988,True
3989,True
3990,True
3991,True
3992,True
3993,True
3994,True
3995,True
3996,True
3997,True
3998,True
3999,True
4000,True
4001,True
4002,True
4003,True
4004,True
4005,True
4006,True
4007,True
4008,True
4009,True
4010,True
4011,True
4012,True
4013,True
4014,True
4015,True
4016,True
4017,True
4018,True
4019,True
4020,True
4021,True
4022,True
4023,True
4024,True
4025,True
4026,True
4027,True
4028,True
4029,True
4030,True
4031,True
4032,True
4033,True
4034,True
4035,True
4036,True
4037,True
4038,True
4039,True
4040,True
4041,True
4042,True
4043,True
4044,True
4045,True
4046,True
4047,True
4048,True
4049,True
4050,True
4051,True
4052,True
4053,True
4054,True
4055,True
4056,True
4057,True
4058,True
4059,True
4060,True
4061,True
4062,True
4063,True
4064,True
4065,True
4066,True
4067,True
4068,True
4069,True
4070,True
4071,True
4072,True
4073,True
4074,True
4075,True
4076,True
4077,True
4078,True
4079,True
4080,True
4081,True
4082,True
4083,True
4084,True
4085,True
4086,True
4087,True
4088,True
4089,True
4090,True
4091,True
4092,True
4093,True
4094,True
4095,True
4096,True
4097,True
4098,True
4099,True
4100,True
4101,True
4102,True
4103,True
4104,True
4105,True
4106,True
4107,True
4108,True
4109,True
4110,True
4111,True
4112,True
4113,True
4114,True
4115,True
4116,True
4117,True
4118,True
4119,True
4120,True
4121,True
4122,True
4123,True
4124,True
4125,True
4126,True
4127,True
4128,True
4129,True
4130,True
4131,True
4132,True
4133,True
4134,True
4135,True
4136,True
4137,True
4138,True
4139,True
4140,True
4141,True
4142,True
4143,True
4144,True
4145,True
4146,True
4147,True
4148,True
4149,True
4150,True
4151,True
4152,True
4153,True
4154,True
4155,True
4156,True
4157,True
4158,True
4159,True
4160,True
4161,True
4162,True
4163,True
4164,True
4165,True
4166,True
4167,True
4168,True
4169,True
4170,True
4171,True
4172,True
4173,True
4174,True
4175,True
4176,True
4177,True
4178,True
4179,True
4180,True
4181,True
4182,True
4183,True
4184,True
4185,True
4186,True
4187,True
4188,True
4189,True
4190,True
4191,True
4192,True
4193,True
4194,True
4195,True
4196,True
4197,True
4198,True
4199,True
4200,True
4201,True
4202,True
4203,True
4204,True
4205,True
4206,True
4207,True
4208,True
4209,True
4210,True
4211,True
4212,True
4213,True
4214,True
4215,True
4216,True
4217,True
4218,True
4219,True
4220,True
4221,True
4222,True
4223,True
4224,True
4225,True
4226,True
4227,True
4228,True
4229,True
4230,True
4231,True
4232,True
4233,True
4234,False
4235,False
4236,False
4237,False
4238,False
4239,False
4240,False
4241,False
4242,False
4243,False
4244,False
4245,False
4246,False
4247,False
4248,False
4249,False
4250,False
4251,False
4252,False
4253,False
4254,False
4255,False
4256,False
4257,False
4258,False
4259,False
4260,False
4261,False
4262,False
4263,False
4264,False
4265,False
4266,False
4267,False
4268,False
4269,False
4270,False
4271,False
4272,False
4273,False
4274,False
4275,False
4276,False
4277,False
4278,False
4279,False
4280,False
4281,False
4282,False
4283,False
4284,False
4285,False
4286,False
4287,False
4288,True
4289,False
4290,False
4291,True
4292,True
4293,False
4294,True
4295,True
4296,True
4297,True
4298,True
4299,True
4300,True
4301,True
4302,True
4303,True
4304,True
4305,True
4306,True
4307,True
4308,True
4309,True
4310,True
4311,True
4312,True
4313,True
4314,True
4315,True
4316,True
4317,True
4318,True
4319,True
4320,True
4321,True
4322,True
4323,True
4324,True
4325,True
4326,True
4327,True
4328,True
4329,False
4330,False
4331,False
4332,True
4333,True
4334,True
4335,True
4336,True
4337,True
4338,True
4339,True
4340,True
4341,True
4342,True
4343,True
4344,True
4345,True
4346,True
4347,True
4348,True
4349,True
4350,True
4351,True
4352,True
4353,True
4354,True
4355,True
4356,True
4357,True
4358,True
4359,True
4360,True
4361,True
4362,True
4363,True
4364,True
4365,True
4366,True
4367,True
4368,True
4369,True
4370,True
4371,True
4372,True
4373,True
4374,True
4375,True
4376,True
4377,True
4378,True
4379,True
4380,True
4381,True
4382,True
4383,True
4384,True
4385,True
4386,True
4387,True
4388,True
4389,True
4390,True
4391,True
4392,True
4393,True
4394,True
4395,True
4396,True
4397,True
4398,True
4399,True
4400,True
4401,True
4402,True
4403,True
4404,True
4405,True
4406,True
4407,True
4408,True
4409,True
4410,False
4411,False
4412,True
4413,True
4414,False
4415,False
4416,False
4417,False
4418,False
4419,False
4420,False
4421,False
4422,False
4423,False
4424,False
4425,False
4426,False
4427,False
4428,False
4429,False
4430,False
4431,False
4432,False
4433,False
4434,False
4435,False
4436,False
4437,False
4438,False
4439,False
4440,False
4441,False
4442,False
4443,False
4444,False
4445,False
4446,False
4447,False
4448,False
4449,False
4450,False
4451,False
4452,True
4453,True
4454,True
4455,True
4456,True
4457,True
4458,True
4459,True
4460,True
4461,True
4462,True
4463,True
4464,True
4465,True
4466,True
4467,True
4468,True
4469,True
4470,True
4471,True
4472,True
4473,True
4474,True
4475,False
4476,True
4477,True
4478,True
4479,True
4480,True
4481,True
4482,True
4483,True
4484,True
4485,True
4486,True
4487,True
4488,True
4489,True
4490,True
4491,True
4492,True
4493,True
4494,True
4495,True
4496,True
4497,True
4498,True
4499,True
4500,True
4501,True
4502,True
4503,True
4504,True
4505,True
4506,True
4507,True
4508,True
4509,True
4510,True
4511,True
4512,True
4513,True
4514,True
4515,True
4516,True
4517,True
4518,True
4519,True
4520,True
4521,True
4522,True
4523,True
4524,True
4525,True
4526,True
4527,True
4528,True
4529,True
4530,True
4531,True
4532,True
4533,True
4534,True
4535,True
4536,True
4537,True
4538,True
4539,True
4540,True
4541,True
4542,True
4543,True
4544,True
4545,True
4546,True
4547,True
4548,True
4549,True
4550,True
4551,True
4552,True
4553,True
4554,True
4555,True
4556,True
4557,True
4558,True
4559,True
4560,True
4561,True
4562,True
4563,True
4564,True
4565,True
4566,True
4567,True
4568,True
4569,True
4570,True
4571,True
4572,True
4573,True
4574,True
4575,True
4576,True
4577,True
4578,True
4579,True
4580,True
4581,True
4582,True
4583,True
4584,True
4585,True
4586,True
4587,True
4588,True
4589,True
4590,True
4591,True
4592,True
4593,True
4594,True
4595,True
4596,True
4597,True
4598,True
4599,True
4600,True
4601,True
4602,True
4603,True
4604,True
4605,True
4606,True
4607,True
4608,True
4609,True
4610,True
4611,True
4612,True
4613,True
4614,True
4615,True
4616,True
4617,True
4618,True
4619,True
4620,True
4621,True
4622,True
4623,True
4624,True
4625,True
4626,True
4627,True
4628,True
4629,True
4630,True
4631,True
4632,True
4633,True
4634,True
4635,True
4636,True
4637,True
4638,True
4639,True
4640,True
4641,True
4642,True
4643,True
4644,True
4645,True
4646,True
4647,True
4648,True
4649,True
4650,True
4651,True
4652,True
4653,True
4654,True
4655,True
4656,True
4657,True
4658,True
4659,True
4660,True
4661,True
4662,True
4663,True
4664,True
4665,True
4666,True
4667,True
4668,True
4669,True
4670,True
4671,True
4672,True
4673,True
4674,True
4675,True
4676,True
4677,True
4678,True
4679,True
4680,True
4681,True
4682,True
4683,True
4684,True
4685,True
4686,True
4687,True
4688,True
4689,True
4690,True
4691,True
4692,True
4693,True
4694,True
4695,True
4696,True
4697,True
4698,True
4699,True
4700,True
4701,True
4702,True
4703,True
4704,True
4705,True
4706,True
4707,True
4708,True
4709,True
4710,True
4711,True
4712,True
4713,True
4714,True
4715,True
4716,True
4717,True
4718,True
4719,True
4720,True
4721,True
4722,True
4723,True
4724,True
4725,True
4726,True
4727,True
4728,True
4729,True
4730,True
4731,True
4732,True
4733,True
4734,True
4735,True
4736,True
4737,True
4738,True
4739,True
4740,True
4741,True
4742,True
4743,True
4744,True
4745,True
4746,True
4747,True
4748,True
4749,True
4750,True
4751,True
4752,True
4753,True
4754,True
4755,True
4756,True
4757,True
4758,True
4759,True
4760,True
4761,True
4762,True
4763,True
4764,True
4765,True
4766,True
4767,True
4768,True
4769,True
4770,True
4771,True
4772,True
4773,True
4774,True
4775,True
4776,True
4777,True
4778,True
4779,True
4780,True
4781,True
4782,True
4783,True
4784,True
4785,True
4786,True
4787,True
4788,True
4789,True
4790,True
4791,True
4792,True
4793,True
4794,True
4795,True
4796,True
4797,True
4798,True
4799,True
4800,True
4801,True
4802,True
4803,True
4804,True
4805,True
4806,True
4807,True
4808,True
4809,True
4810,True
4811,True
4812,True
4813,True
4814,True
4815,True
4816,True
4817,True
4818,True
4819,True
4820,True
4821,True
4822,True
4823,True
4824,True
4825,True
4826,True
4827,True
4828,True
4829,True
4830,True
4831,True
4832,True
4833,True
4834,True
4835,True
4836,True
4837,True
4838,True
4839,True
4840,True
4841,True
4842,True
4843,True
4844,True
4845,True
4846,True
4847,True
4848,True
4849,True
4850,True
4851,True
4852,True
4853,True
4854,True
4855,True
4856,True
4857,True
4858,True
4859,True
4860,True
4861,True
4862,True
4863,True
4864,True
4865,True
4866,True
4867,True
4868,True
4869,True
4870,True
4871,True
4872,True
4873,True
4874,True
4875,True
4876,True
4877,True
4878,True
4879,True
4880,True
4881,True
4882,True
4883,True
4884,True
4885,True
4886,True
4887,True
4888,True
4889,True
4890,True
4891,True
4892,True
4893,True
4894,True
4895,True
4896,True
4897,True
4898,True
4899,True
4900,True
4901,True
4902,True
4903,True
4904,True
4905,True
4906,True
4907,True
4908,True
4909,True
4910,True
4911,True
4912,True
4913,True
4914,True
4915,True
4916,True
4917,True
4918,True
4919,True
4920,True
4921,True
4922,True
4923,True
4924,True
4925,True
4926,True
4927,True
4928,True
4929,True
4930,True
4931,True
4932,True
4933,True
4934,True
4935,True
4936,True
4937,True
4938,True
4939,True
4940,True
4941,True
4942,True
4943,True
4944,True
4945,True
4946,True
4947,True
4948,True
4949,True
4950,True
4951,True
4952,True
4953,True
4954,True
4955,True
4956,True
4957,True
4958,True
4959,True
4960,True
4961,True
4962,True
4963,True
4964,True
4965,True
4966,True
4967,True
4968,True
4969,True
4970,True
4971,True
4972,True
4973,True
4974,True
4975,True
4976,True
4977,True
4978,True
4979,True
4980,True
4981,True
4982,True
4983,True
4984,True
4985,True
4986,True
4987,True
4988,True
4989,True
4990,True
4991,True
4992,True
4993,True
4994,True
4995,True
4996,True
4997,True
4998,True
4999,True
5000,True
5001,True
5002,True
5003,True
5004,True
5005,True
5006,True
5007,True
5008,True
5009,True
5010,True
5011,True
5012,True
5013,True
5014,True
5015,True
5016,True
5017,True
5018,True
5019,True
5020,True
5021,True
5022,True
5023,True
5024,True
5025,True
5026,True
5027,True
5028,True
5029,True
5030,True
5031,True
5032,True
5033,True
5034,True
5035,True
5036,True
5037,True
5038,True
5039,True
5040,True
5041,True
5042,True
5043,True
5044,True
5045,True
5046,True
5047,True
5048,True
5049,True
5050,True
5051,True
5052,True
5053,True
5054,True
5055,True
5056,True
5057,True
5058,True
5059,True
5060,True
5061,True
5062,True
5063,True
5064,True
5065,True
5066,True
5067,True
5068,True
5069,True
5070,True
5071,True
5072,True
5073,True
5074,True
5075,True
5076,True
5077,True
5078,True
5079,True
5080,True
5081,True
5082,True
5083,True
5084,True
5085,True
5086,True
5087,True
5088,True
5089,True
5090,True
5091,True
5092,True
5093,True
5094,True
5095,True
5096,True
5097,True
5098,True
5099,True
5100,True
5101,True
5102,True
5103,True
5104,True
5105,True
5106,True
5107,True
5108,True
5109,True
5110,True
5111,True
5112,True
5113,True
5114,True
5115,True
5116,True
5117,True
5118,True
5119,True
5120,True
5121,True
5122,True
5123,True
5124,True
5125,True
5126,True
5127,True
5128,True
5129,True
5130,True
5131,True
5132,True
5133,True
5134,True
5135,True
5136,True
5137,True
5138,True
5139,True
5140,True
5141,True
5142,True
5143,True
5144,True
5145,True
5146,True
5147,True
5148,True
5149,True
5150,True
5151,True
5152,True
5153,True
5154,True
5155,True
5156,True
5157,True
5158,True
5159,True
5160,True
5161,True
5162,True
5163,True
5164,True
5165,True
5166,True
5167,True
5168,True
5169,True
5170,True
5171,True
5172,True
5173,True
5174,True
5175,True
5176,True
5177,True
5178,True
5179,True
5180,True
5181,True
5182,True
5183,True
5184,True
5185,True
5186,True
5187,True
5188,True
5189,True
5190,True
5191,True
5192,True
5193,True
5194,True
5195,True
5196,True
5197,True
5198,True
5199,True
5200,True
5201,True
5202,True
5203,True
5204,True
5205,True
5206,True
5207,True
5208,True
5209,True
5210,True
5211,True
5212,True
5213,True
5214,True
5215,True
5216,True
5217,True
5218,True
5219,True
5220,True
5221,True
5222,True
5223,True
5224,True
5225,True
5226,True
5227,True
5228,True
5229,True
5230,True
5231,True
5232,True
5233,True
5234,True
5235,True
5236,True
5237,True
5238,True
5239,True
5240,True
5241,True
5242,True
5243,True
5244,True
5245,True
5246,True
5247,True
5248,True
5249,True
5250,True
5251,True
5252,True
5253,True
5254,True
5255,True
5256,True
5257,True
5258,True
5259,True
5260,True
5261,True
5262,True
5263,True
5264,True
5265,True
5266,False
5267,False
5268,False
5269,False
5270,False
5271,True
5272,True
5273,False
5274,False
5275,False
5276,False
5277,True
5278,True
5279,True
5280,True
5281,True
5282,True
5283,True
5284,True
5285,True
5286,True
5287,True
5288,True
5289,True
5290,True
5291,True
5292,True
5293,True
5294,True
5295,True
5296,True
5297,True
5298,True
5299,True
5300,True
5301,True
5302,True
5303,True
5304,True
5305,True
5306,True
5307,True
5308,True
5309,True
5310,True
5311,False
5312,True
5313,True
5314,True
5315,True
5316,True
5317,True
5318,True
5319,True
5320,False
5321,False
5322,False
5323,False
5324,False
5325,False
5326,False
5327,False
5328,False
5329,False
5330,False
5331,False
5332,False
5333,False
5334,False
5335,False
5336,False
5337,False
5338,True
5339,True
5340,True
5341,True
5342,True
5343,True
5344,True
5345,True
5346,True
5347,True
5348,False
5349,False
5350,False
5351,False
5352,True
5353,False
5354,False
5355,False
5356,False
5357,False
5358,False
5359,False
5360,False
5361,True
5362,False
5363,False
5364,False
5365,False
5366,False
5367,False
5368,False
5369,True
5370,False
5371,False
5372,False
5373,False
5374,True
5375,True
5376,True
5377,False
5378,True
5379,False
5380,False
5381,False
5382,False
5383,False
5384,False
5385,False
5386,False
5387,False
5388,False
5389,False
5390,False
5391,False
5392,True
5393,True
5394,True
5395,True
5396,True
5397,True
5398,True
5399,True
5400,False
5401,True
5402,True
5403,True
5404,True
5405,True
5406,True
5407,True
5408,True
5409,True
5410,True
5411,True
5412,True
5413,True
5414,True
5415,True
5416,True
5417,True
5418,True
5419,True
5420,True
5421,True
5422,True
5423,True
5424,True
5425,True
5426,True
5427,True
5428,True
5429,True
5430,True
5431,True
5432,True
5433,True
5434,True
5435,True
5436,True
5437,True
5438,True
5439,True
5440,True
5441,True
5442,True
5443,True
5444,True
5445,False
5446,True
5447,True
5448,True
5449,True
5450,True
5451,True
5452,True
5453,True
5454,True
5455,True
5456,True
5457,True
5458,True
5459,False
5460,True
5461,True
5462,True
5463,True
5464,True
5465,False
5466,True
5467,True
5468,True
5469,True
5470,False
5471,False
5472,False
5473,False
5474,False
5475,False
5476,False
5477,False
5478,False
5479,False
5480,False
5481,False
5482,False
5483,False
5484,False
5485,False
5486,True
5487,True
5488,False
5489,False
5490,False
5491,False
5492,False
5493,False
5494,False
5495,False
5496,False
5497,False
5498,False
5499,False
5500,False
5501,False
5502,False
5503,False
5504,False
5505,False
5506,False
5507,False
5508,False
5509,False
5510,False
5511,False
5512,False
5513,False
5514,False
5515,False
5516,False
5517,False
5518,False
5519,False
5520,False
5521,False
5522,False
5523,False
5524,False
5525,False
5526,False
5527,False
5528,False
5529,False
5530,False
5531,False
5532,False
5533,False
5534,False
5535,False
5536,False
5537,False
5538,False
5539,False
5540,False
5541,False
5542,False
5543,False
5544,False
5545,False
5546,False
5547,False
5548,False
5549,False
5550,False
5551,False
5552,False
5553,False
5554,False
5555,False
5556,False
5557,False
5558,False
5559,False
5560,False
5561,False
5562,False
5563,False
5564,False
5565,False
5566,False
5567,False
5568,False
5569,False
5570,False
5571,False
5572,False
5573,False
5574,False
5575,False
5576,False
5577,False
5578,False
5579,False
5580,False
5581,False
5582,False
5583,False
5584,False
5585,False
5586,False
5587,False
5588,False
5589,False
5590,False
5591,False
5592,False
5593,False
5594,False
5595,False
5596,False
5597,False
5598,False
5599,False
5600,False
5601,False
5602,False
5603,False
5604,False
5605,False
5606,False
5607,False
5608,False
5609,False
5610,False
5611,False
5612,False
5613,False
5614,False
5615,False
5616,False
5617,False
5618,False
5619,False
5620,False
5621,False
5622,False
5623,False
5624,False
5625,False
5626,False
5627,False
5628,False
5629,False
5630,False
5631,False
5632,False
5633,False
5634,False
5635,False
5636,False
5637,False
5638,False
5639,False
5640,False
5641,False
5642,False
5643,False
5644,False
5645,False
5646,False
5647,False
5648,False
5649,False
5650,False
5651,False
5652,False
5653,False
5654,False
5655,False
5656,False
5657,False
5658,False
5659,False
5660,False
5661,False
5662,False
5663,False
5664,False
5665,False
5666,False
5667,False
5668,False
5669,False
5670,False
5671,False
5672,False
5673,False
5674,False
5675,False
5676,False
5677,False
5678,False
5679,False
5680,False
5681,False
5682,False
5683,False
5684,False
5685,False
5686,False
5687,False
5688,False
5689,False
5690,False
5691,False
5692,False
5693,False
5694,False
5695,False
5696,False
5697,False
5698,False
5699,False
5700,False
5701,False
5702,False
5703,False
5704,False
5705,False
5706,False
5707,False
5708,False
5709,False
5710,False
5711,False
5712,False
5713,False
5714,False
5715,False
5716,False
5717,False
5718,False
5719,False
5720,False
5721,False
5722,False
5723,False
5724,False
5725,False
5726,False
5727,False
5728,False
5729,False
5730,False
5731,False
5732,False
5733,False
5734,False
5735,False
5736,False
5737,False
5738,False
5739,False
5740,False
5741,False
5742,False
5743,False
5744,False
5745,False
5746,False
5747,False
5748,False
5749,False
5750,False
5751,False
5752,False
5753,False
5754,False
5755,False
5756,False
5757,False
5758,False
5759,False
5760,False
5761,False
5762,False
5763,False
5764,False
5765,False
5766,False
5767,False
5768,False
5769,False
5770,False
5771,False
5772,False
5773,False
5774,False
5775,False
5776,False
5777,False
5778,False
5779,False
5780,False
5781,False
5782,False
5783,False
5784,False
5785,False
5786,False
5787,False
5788,False
5789,False
5790,False
5791,False
5792,False
5793,False
5794,False
5795,False
5796,False
5797,False
5798,False
5799,False
5800,False
5801,False
5802,False
5803,False
5804,False
5805,False
5806,False
5807,False
5808,False
5809,False
5810,False
5811,False
5812,False
5813,False
5814,False
5815,False
5816,False
5817,False
5818,False
5819,True
5820,True
5821,True
5822,True
5823,True
5824,True
5825,True
5826,True
5827,True
5828,True
5829,True
5830,True
5831,True
5832,True
5833,True
5834,True
5835,True
5836,True
5837,True
5838,True
5839,False
5840,False
5841,False
5842,False
5843,False
5844,False
5845,False
5846,False
5847,False
5848,False
5849,False
5850,False
5851,False
5852,False
5853,False
5854,False
5855,True
5856,True
5857,True
5858,True
5859,True
5860,True
5861,True
5862,True
5863,True
5864,True
5865,True
5866,True
5867,True
5868,True
5869,True
5870,True
5871,True
5872,True
5873,True
5874,True
5875,True
5876,True
5877,True
5878,True
5879,True
5880,True
5881,True
5882,True
5883,True
5884,True
5885,True
5886,True
5887,True
5888,True
5889,True
5890,True
5891,True
5892,True
5893,True
5894,True
5895,True
5896,True
5897,True
5898,True
5899,True
5900,True
5901,True
5902,True
5903,True
5904,True
5905,True
5906,True
5907,True
5908,True
5909,True
5910,True
5911,True
5912,True
5913,True
5914,True
5915,True
5916,True
5917,True
5918,True
5919,True
5920,True
5921,True
5922,True
5923,True
5924,True
5925,True
5926,True
5927,True
5928,True
5929,True
5930,True
5931,True
5932,True
5933,True
5934,True
5935,True
5936,True
5937,True
5938,True
5939,True
5940,True
5941,True
5942,True
5943,True
5944,True
5945,True
5946,True
5947,True
5948,True
5949,True
5950,True
5951,True
5952,True
5953,True
5954,True
5955,True
5956,True
5957,True
5958,True
5959,True
5960,True
5961,True
5962,True
5963,True
5964,True
5965,True
5966,True
5967,True
5968,True
5969,True
5970,True
5971,True
5972,True
5973,True
5974,True
5975,True
5976,True
5977,True
5978,True
5979,True
5980,True
5981,True
5982,True
5983,True
5984,True
5985,True
5986,True
5987,True
5988,True
5989,True
5990,True
5991,True
5992,True
5993,True
5994,True
5995,True
5996,True
5997,True
5998,True
5999,True
6000,True
6001,True
6002,True
6003,True
6004,True
6005,True
6006,True
6007,True
6008,True
6009,True
6010,True
6011,True
6012,True
6013,True
6014,True
6015,True
6016,True
6017,True
6018,True
6019,True
6020,True
6021,True
6022,True
6023,True
6024,True
6025,True
6026,True
6027,True
6028,True
6029,True
6030,True
6031,True
6032,True
6033,True
6034,True
6035,True
6036,True
6037,True
6038,True
6039,True
6040,True
6041,True
6042,True
6043,True
6044,True
6045,True
6046,True
6047,True
6048,True
6049,True
6050,True
6051,True
6052,True
6053,True
6054,True
6055,True
6056,True
6057,True
6058,True
6059,True
6060,True
6061,True
6062,True
6063,True
6064,True
6065,True
6066,True
6067,True
6068,True
6069,True
6070,True
6071,True
6072,True
6073,True
6074,True
6075,True
6076,True
6077,True
6078,True
6079,True
6080,True
6081,True
6082,True
6083,True
6084,True
6085,True
6086,True
6087,True
6088,True
6089,True
6090,True
6091,True
6092,True
6093,True
6094,True
6095,True
6096,True
6097,True
6098,True
6099,True
6100,True
6101,True
6102,True
6103,True
6104,True
6105,True
6106,True
6107,True
6108,True
6109,True
6110,True
6111,True
6112,True
6113,True
6114,True
6115,True
6116,True
6117,True
6118,True
6119,True
6120,True
6121,True
6122,True
6123,True
6124,True
6125,True
6126,True
6127,True
6128,True
6129,True
6130,True
6131,True
6132,True
6133,True
6134,True
6135,True
6136,True
6137,True
6138,True
6139,True
6140,True
6141,True
6142,True
6143,True
6144,True
6145,True
6146,True
6147,True
6148,True
6149,True
6150,True
6151,True
6152,True
6153,True
6154,True
6155,True
6156,True
6157,True
6158,True
6159,True
6160,True
6161,True
6162,True
6163,True
6164,True
6165,True
6166,True
6167,True
6168,True
6169,True
6170,True
6171,True
6172,True
6173,True
6174,True
6175,True
6176,True
6177,True
6178,True
6179,True
6180,True
6181,True
6182,True
6183,True
6184,True
6185,True
6186,True
6187,True
6188,True
6189,True
6190,True
6191,True
6192,True
6193,True
6194,True
6195,True
6196,True
6197,True
6198,True
6199,True
6200,True
6201,True
6202,True
6203,True
6204,True
6205,True
6206,True
6207,True
6208,True
6209,True
6210,True
6211,True
6212,True
6213,True
6214,True
6215,True
6216,True
6217,True
6218,True
6219,True
6220,True
6221,True
6222,True
6223,True
6224,True
6225,True
6226,True
6227,True
6228,True
6229,True
6230,True
6231,True
6232,True
6233,True
6234,True
6235,True
6236,True
6237,True
6238,True
6239,True
6240,True
6241,True
6242,True
6243,True
6244,True
6245,True
6246,True
6247,True
6248,True
6249,True
6250,True
6251,True
6252,True
6253,True
6254,True
6255,True
6256,True
6257,True
6258,True
6259,True
6260,True
6261,True
6262,True
6263,True
6264,True
6265,True
6266,True
6267,True
6268,True
6269,True
6270,True
6271,True
6272,True
6273,True
6274,True
6275,True
6276,True
6277,True
6278,True
6279,True
6280,True
6281,True
6282,True
6283,True
6284,True
6285,True
6286,True
6287,True
6288,True
6289,True
6290,True
6291,True
6292,True
6293,True
6294,True
6295,True
6296,True
6297,True
6298,True
6299,True
6300,True
6301,True
6302,True
6303,True
6304,True
6305,True
6306,True
6307,True
6308,True
6309,True
6310,True
6311,True
6312,True
6313,True
6314,True
6315,True
6316,True
6317,True
6318,True
6319,True
6320,True
6321,True
6322,True
6323,True
6324,True
6325,True
6326,True
6327,True
6328,True
6329,True
6330,True
6331,True
6332,True
6333,True
6334,True
6335,True
6336,True
6337,True
6338,True
6339,True
6340,True
6341,True
6342,True
6343,True
6344,True
6345,True
6346,True
6347,True
6348,True
6349,True
6350,True
6351,True
6352,True
6353,True
6354,True
6355,True
6356,True
6357,True
6358,True
6359,True
6360,True
6361,True
6362,True
6363,True
6364,True
6365,True
6366,True
6367,True
6368,True
6369,True
6370,True
6371,True
6372,True
6373,True
6374,True
6375,True
6376,True
6377,True
6378,True
6379,True
6380,True
6381,True
6382,True
6383,True
6384,True
6385,True
6386,True
6387,True
6388,True
6389,True
6390,True
6391,True
6392,True
6393,True
6394,True
6395,True
6396,True
6397,True
6398,True
6399,True
6400,True
6401,True
6402,True
6403,True
6404,True
6405,True
6406,True
6407,True
6408,True
6409,True
6410,True
6411,True
6412,True
6413,True
6414,True
6415,True
6416,True
6417,True
6418,True
6419,True
6420,True
6421,True
6422,True
6423,True
6424,True
6425,True
6426,True
6427,True
6428,True
6429,True
6430,True
6431,True
6432,True
6433,True
6434,True
6435,True
6436,True
6437,True
6438,True
6439,True
6440,True
6441,True
6442,True
6443,True
6444,True
6445,True
6446,False
6447,False
6448,False
6449,False
6450,False
6451,False
6452,False
6453,False
6454,False
6455,False
6456,False
6457,False
6458,False
6459,False
6460,False
6461,False
6462,False
6463,False
6464,False
6465,False
6466,False
6467,False
6468,False
6469,False
6470,False
6471,False
6472,False
6473,False
6474,False
6475,False
6476,False
6477,False
6478,False
6479,False
6480,False
6481,False
6482,False
6483,False
6484,False
6485,False
6486,False
6487,False
6488,False
6489,False
6490,False
6491,False
6492,False
6493,False
6494,False
6495,False
6496,False
6497,False
6498,False
6499,False
6500,True
6501,False
6502,False
6503,True
6504,True
6505,True
6506,True
6507,True
6508,False
6509,False
6510,True
6511,True
6512,False
6513,True
6514,True
6515,True
6516,True
6517,True
6518,True
6519,True
6520,True
6521,True
6522,True
6523,True
6524,True
6525,True
6526,True
6527,True
6528,True
6529,True
6530,True
6531,True
6532,True
6533,True
6534,True
6535,True
6536,True
6537,True
6538,True
6539,True
6540,True
6541,True
6542,False
6543,True
6544,True
6545,True
6546,True
6547,True
6548,True
6549,True
6550,True
6551,True
6552,True
6553,True
6554,True
6555,True
6556,True
6557,True
6558,True
6559,True
6560,True
6561,True
6562,True
6563,False
6564,False
6565,False
6566,False
6567,False
6568,False
6569,False
6570,False
6571,False
6572,False
6573,False
6574,False
6575,False
6576,False
6577,False
6578,False
6579,False
6580,True
6581,False
6582,False
6583,True
6584,True
6585,True
6586,True
6587,True
6588,True
6589,True
6590,True
6591,True
6592,True
6593,True
6594,True
6595,True
6596,True
6597,True
6598,True
6599,True
6600,True
6601,True
6602,True
6603,True
6604,True
6605,True
6606,True
6607,True
6608,True
6609,True
6610,True
6611,True
6612,True
6613,True
6614,True
6615,True
6616,True
6617,True
6618,True
6619,True
6620,True
6621,True
6622,True
6623,True
6624,True
6625,True
6626,True
6627,True
6628,True
6629,True
6630,True
6631,True
6632,True
6633,True
6634,True
6635,True
6636,True
6637,True
6638,True
6639,True
6640,True
6641,True
6642,True
6643,True
6644,True
6645,True
6646,True
6647,True
6648,True
6649,True
6650,True
6651,True
6652,True
6653,True
6654,True
6655,True
6656,True
6657,True
6658,True
6659,True
6660,True
6661,True
6662,True
6663,True
6664,True
6665,True
6666,True
6667,True
6668,True
6669,True
6670,True
6671,True
6672,True
6673,True
6674,True
6675,True
6676,True
6677,True
6678,True
6679,True
6680,True
6681,True
6682,True
6683,True
6684,True
6685,True
6686,True
6687,True
6688,True
6689,True
6690,True
6691,True
6692,True
6693,True
6694,True
6695,True
6696,True
6697,True
6698,True
6699,True
6700,True
6701,True
6702,True
6703,True
6704,True
6705,True
6706,True
6707,True
6708,True
6709,True
6710,False
6711,True
6712,True
6713,True
6714,True
6715,True
6716,True
6717,True
6718,False
6719,False
6720,True
6721,True
6722,True
6723,True
6724,True
6725,True
6726,True
6727,True
6728,True
6729,True
6730,True
6731,True
6732,True
6733,True
6734,True
6735,True
6736,True
6737,True
6738,True
6739,True
6740,True
6741,False
6742,False
6743,False
6744,False
6745,False
6746,False
6747,False
6748,False
6749,False
6750,False
6751,False
6752,False
6753,False
6754,False
6755,False
6756,False
6757,False
6758,False
6759,False
6760,False
6761,False
6762,False
6763,False
6764,False
6765,False
6766,False
6767,False
6768,False
6769,False
6770,False
6771,False
6772,False
6773,False
6774,False
6775,False
6776,False
6777,False
6778,False
6779,False
6780,False
6781,False
6782,False
6783,False
6784,False
6785,False
6786,False
6787,False
6788,False
6789,False
6790,False
6791,False
6792,False
6793,False
6794,False
6795,False
6796,False
6797,False
6798,False
6799,False
6800,False
6801,False
6802,False
6803,False
6804,False
6805,False
6806,False
6807,False
6808,False
6809,False
6810,False
6811,False
6812,False
6813,False
6814,False
6815,False
6816,False
6817,False
6818,False
6819,False
6820,False
6821,False
6822,False
6823,False
6824,False
6825,False
6826,False
6827,False
6828,False
6829,False
6830,False
6831,False
6832,False
6833,False
6834,False
6835,False
6836,False
6837,False
6838,False
6839,False
6840,False
6841,False
6842,True
6843,True
6844,True
6845,True
6846,True
6847,True
6848,True
6849,True
6850,True
6851,True
6852,True
6853,True
6854,True
6855,True
6856,True
6857,True
6858,True
6859,True
6860,True
6861,True
6862,True
6863,True
6864,True
6865,True
6866,True
6867,True
6868,True
6869,True
6870,True
6871,True
6872,True
6873,True
6874,True
6875,True
6876,True
6877,True
6878,True
6879,True
6880,True
6881,True
6882,True
6883,True
6884,True
6885,True
6886,True
6887,True
6888,True
6889,True
6890,True
6891,True
6892,True
6893,True
6894,True
6895,True
6896,True
6897,True
6898,True
6899,True
6900,True
6901,True
6902,False
6903,True
6904,True
6905,True
6906,False
6907,False
6908,False
6909,True
6910,True
6911,True
6912,False
6913,False
6914,False
6915,False
6916,False
6917,False
6918,False
6919,False
6920,False
6921,False
6922,False
6923,False
6924,False
6925,False
6926,False
6927,False
6928,False
6929,False
6930,False
6931,False
6932,False
6933,False
6934,False
6935,False
6936,False
6937,False
6938,False
6939,False
6940,False
6941,False
6942,False
6943,False
6944,False
6945,False
6946,False
6947,False
6948,False
6949,False
6950,False
6951,False
6952,False
6953,False
6954,False
6955,False
6956,False
6957,False
6958,False
6959,False
6960,False
6961,False
6962,False
6963,False
6964,False
6965,False
6966,False
6967,False
6968,False
6969,False
6970,False
6971,False
6972,False
6973,False
6974,False
6975,False
6976,False
6977,False
6978,False
6979,False
6980,False
6981,False
6982,False
6983,False
6984,False
6985,False
6986,False
6987,False
6988,False
6989,False
6990,False
6991,False
6992,False
6993,False
6994,False
6995,False
6996,False
6997,False
6998,False
6999,False
7000,False
7001,False
7002,False
7003,False
7004,False
7005,False
7006,False
7007,False
7008,False
7009,False
7010,False
7011,False
7012,False
7013,False
7014,False
7015,False
7016,False
7017,False
7018,False
7019,False
7020,False
7021,False
7022,False
7023,False
7024,False
7025,False
7026,False
7027,False
7028,False
7029,False
7030,False
7031,False
7032,False
7033,False
7034,False
7035,False
7036,False
7037,False
7038,False
7039,False
7040,False
7041,False
7042,False
7043,False
7044,False
7045,False
7046,False
7047,False
7048,False
7049,False
7050,False
7051,False
7052,False
7053,False
7054,False
7055,False
7056,False
7057,False
7058,False
7059,False
7060,False
7061,False
7062,False
7063,False
7064,False
7065,False
7066,True
7067,True
7068,True
7069,True
7070,True
7071,True
7072,False
7073,False
7074,False
7075,False
7076,False
7077,False
7078,False
7079,False
7080,True
7081,True
7082,True
7083,True
7084,True
7085,True
7086,True
7087,True
7088,True
7089,True
7090,True
7091,True
7092,True
7093,True
7094,True
7095,True
7096,True
7097,True
7098,True
7099,True
7100,True
7101,True
7102,True
7103,True
7104,True
7105,True
7106,True
7107,True
7108,True
7109,True
7110,True
7111,True
7112,True
7113,True
7114,True
7115,True
7116,True
7117,True
7118,True
7119,True
7120,True
7121,True
7122,True
7123,True
7124,True
7125,True
7126,True
7127,True
7128,True
7129,True
7130,True
7131,True
7132,True
7133,True
7134,True
7135,True
7136,True
7137,True
7138,True
7139,True
7140,True
7141,True
7142,True
7143,True
7144,True
7145,True
7146,True
7147,True
7148,True
7149,True
7150,True
7151,True
7152,True
7153,True
7154,True
7155,True
7156,True
7157,True
7158,True
7159,True
7160,True
7161,True
7162,True
7163,True
7164,True
7165,True
7166,True
7167,True
7168,True
7169,True
7170,True
7171,True
7172,True
7173,True
7174,True
7175,True
7176,True
7177,True
7178,True
7179,True
7180,True
7181,True
7182,True
7183,True
7184,True
7185,True
7186,True
7187,True
7188,True
7189,True
7190,True
7191,True
7192,True
7193,True
7194,True
7195,True
7196,True
7197,True
7198,True
7199,True
7200,True
7201,True
7202,True
7203,True
7204,True
7205,True
7206,True
7207,True
7208,True
7209,True
7210,True
7211,True
7212,True
7213,True
7214,True
7215,True
7216,True
7217,True
7218,True
7219,True
7220,True
7221,True
7222,True
7223,True
7224,True
7225,True
7226,True
7227,True
7228,True
7229,True
7230,True
7231,True
7232,True
7233,True
7234,True
7235,True
7236,True
7237,True
7238,True
7239,True
7240,True
7241,True
7242,True
7243,True
7244,True
7245,True
7246,True
7247,True
7248,True
7249,True
7250,True
7251,True
7252,True
7253,True
7254,True
7255,True
7256,True
7257,True
7258,True
7259,True
7260,True
7261,True
7262,True
7263,True
7264,True
7265,True
7266,True
7267,True
7268,True
7269,True
7270,True
7271,True
7272,True
7273,True
7274,True
7275,True
7276,True
7277,True
7278,True
7279,True
7280,True
7281,True
7282,True
7283,True
7284,True
7285,True
7286,True
7287,True
7288,True
7289,True
7290,True
7291,True
7292,True
7293,True
7294,True
7295,True
7296,True
7297,True
7298,True
7299,True
7300,True
7301,True
7302,True
7303,True
7304,True
7305,True
7306,True
7307,True
7308,True
7309,True
7310,True
7311,True
7312,True
7313,True
7314,True
7315,True
7316,True
7317,True
7318,True
7319,True
7320,True
7321,True
7322,True
7323,True
7324,True
7325,True
7326,True
7327,True
7328,True
7329,True
7330,True
7331,True
7332,True
7333,True
7334,True
7335,True
7336,True
7337,True
7338,True
7339,True
7340,True
7341,True
7342,True
7343,True
7344,True
7345,True
7346,True
7347,True
7348,True
7349,True
7350,True
7351,True
7352,True
7353,True
7354,True
7355,True
7356,True
7357,True
7358,True
7359,True
7360,True
7361,True
7362,True
7363,True
7364,True
7365,True
7366,True
7367,True
7368,True
7369,True
7370,True
7371,True
7372,True
7373,True
7374,True
7375,True
7376,True
7377,True
7378,True
7379,True
7380,True
7381,True
7382,True
7383,True
7384,True
7385,True
7386,True
7387,True
7388,True
7389,True
7390,True
7391,True
7392,True
7393,True
7394,True
7395,True
7396,True
7397,True
7398,True
7399,True
7400,True
7401,True
7402,True
7403,True
7404,True
7405,True
7406,True
7407,True
7408,True
7409,True
7410,True
7411,True
7412,True
7413,True
7414,True
7415,True
7416,True
7417,True
7418,True
7419,True
7420,True
7421,True
7422,True
7423,True
7424,True
7425,True
7426,True
7427,True
7428,True
7429,True
7430,True
7431,True
7432,True
7433,True
7434,True
7435,True
7436,True
7437,True
7438,True
7439,True
7440,True
7441,True
7442,True
7443,True
7444,True
7445,True
7446,True
7447,True
7448,True
7449,True
7450,True
7451,True
7452,True
7453,True
7454,True
7455,True
7456,True
7457,True
7458,True
7459,True
7460,True
7461,True
7462,True
7463,True
7464,True
7465,True
7466,True
7467,True
7468,True
7469,True
7470,True
7471,True
7472,True
7473,True
7474,True
7475,True
7476,True
7477,True
7478,True
7479,True
7480,True
7481,True
7482,True
7483,True
7484,True
7485,True
7486,True
7487,True
7488,True
7489,True
7490,True
7491,True
7492,True
7493,True
7494,True
7495,True
7496,True
7497,True
7498,True
7499,True
7500,True
7501,True
7502,True
7503,True
7504,True
7505,True
7506,True
7507,True
7508,True
7509,True
7510,True
7511,True
7512,True
7513,True
7514,True
7515,True
7516,True
7517,True
7518,True
7519,True
7520,True
7521,True
7522,True
7523,True
7524,True
7525,True
7526,True
7527,True
7528,True
7529,True
7530,True
7531,True
7532,True
7533,True
7534,True
7535,True
7536,True
7537,True
7538,True
7539,True
7540,True
7541,True
7542,True
7543,True
7544,True
7545,True
7546,True
7547,True
7548,True
7549,True
7550,True
7551,True
7552,True
7553,True
7554,True
7555,True
7556,True
7557,True
7558,True
7559,True
7560,True
7561,True
7562,True
7563,True
7564,True
7565,True
7566,True
7567,True
7568,True
7569,True
7570,True
7571,True
7572,True
7573,True
7574,True
7575,True
7576,True
7577,True
7578,True
7579,True
7580,True
7581,True
7582,True
7583,True
7584,True
7585,True
7586,True
7587,True
7588,True
7589,True
7590,True
7591,True
7592,True
7593,True
7594,True
7595,True
7596,True
7597,True
7598,True
7599,True
7600,True
7601,True
7602,True
7603,True
7604,True
7605,True
7606,True
7607,True
7608,True
7609,True
7610,True
7611,True
7612,True
7613,True
7614,True
7615,True
7616,True
7617,True
7618,True
7619,True
7620,True
7621,True
7622,True
7623,True
7624,True
7625,True
7626,True
7627,True
7628,True
7629,True
7630,True
7631,True
7632,True
7633,True
7634,True
7635,True
7636,True
7637,True
7638,True
7639,True
7640,True
7641,True
7642,True
7643,True
7644,True
7645,True
7646,True
7647,True
7648,True
7649,True
7650,True
7651,True
7652,True
7653,True
7654,True
7655,True
7656,True
7657,True
7658,True
7659,True
7660,True
7661,True
7662,True
7663,True
7664,True
7665,True
7666,True
7667,True
7668,True
7669,True
7670,True
7671,True
7672,True
7673,True
7674,True
7675,True
7676,True
7677,True
7678,True
7679,True
7680,True
7681,True
7682,True
7683,True
7684,True
7685,True
7686,True
7687,True
7688,True
7689,True
7690,True
7691,True
7692,True
7693,True
7694,True
7695,True
7696,True
7697,True
7698,True
7699,True
7700,True
7701,True
7702,True
7703,True
7704,True
7705,True
7706,True
7707,True
7708,True
7709,True
7710,True
7711,True
7712,True
7713,True
7714,True
7715,True
7716,True
7717,True
7718,True
7719,True
7720,True
7721,True
7722,True
7723,True
7724,True
7725,True
7726,True
7727,True
7728,True
7729,True
7730,True
7731,True
7732,True
7733,True
7734,True
7735,True
7736,True
7737,True
7738,True
7739,True
7740,True
7741,True
7742,True
7743,True
7744,True
7745,True
7746,True
7747,True
7748,True
7749,True
7750,True
7751,True
7752,True
7753,True
7754,True
7755,True
7756,True
7757,True
7758,True
7759,True
7760,True
7761,True
7762,True
7763,True
7764,True
7765,True
7766,True
7767,True
7768,True
7769,True
7770,True
7771,True
7772,True
7773,True
7774,True
7775,True
7776,True
7777,True
7778,True
7779,True
7780,True
7781,True
7782,True
7783,True
7784,False
7785,False
7786,False
7787,False
7788,False
7789,False
7790,False
7791,False
7792,False
7793,False
7794,False
7795,False
7796,False
7797,False
7798,False
7799,False
7800,False
7801,False
7802,False
7803,False
7804,False
7805,False
7806,False
7807,False
7808,False
7809,False
7810,False
7811,False
7812,False
7813,False
7814,False
7815,False
7816,False
7817,False
7818,False
7819,False
7820,False
7821,False
7822,False
7823,False
7824,False
7825,False
7826,False
7827,False
7828,False
7829,False
7830,False
7831,False
7832,False
7833,False
7834,False
7835,False
7836,False
7837,False
7838,False
7839,False
7840,False
7841,False
7842,False
7843,False
7844,False
7845,False
7846,False
7847,False
7848,False
7849,False
7850,False
7851,False
7852,False
7853,False
7854,False
7855,False
7856,False
7857,False
7858,False
7859,False
7860,False
7861,False
7862,False
7863,False
7864,False
7865,False
7866,False
7867,False
7868,False
7869,False
7870,False
7871,False
7872,False
7873,False
7874,False
7875,False
7876,False
7877,False
7878,False
7879,False
7880,False
7881,False
7882,False
7883,False
7884,False
7885,False
7886,False
7887,False
7888,False
7889,False
7890,False
7891,False
7892,False
7893,False
7894,False
7895,False
7896,False
7897,False
7898,False
7899,False
7900,False
7901,False
7902,False
7903,False
7904,False
7905,False
7906,False
7907,False
7908,False
7909,False
7910,False
7911,False
7912,False
7913,False
7914,False
7915,False
7916,False
7917,False
7918,False
7919,False
7920,False
7921,False
7922,False
7923,False
7924,False
7925,False
7926,False
7927,False
7928,False
7929,False
7930,False
7931,False
7932,False
7933,False
7934,False
7935,False
7936,False
7937,False
7938,False
7939,False
7940,False
7941,False
7942,False
7943,False
7944,False
7945,False
7946,False
7947,False
7948,False
7949,False
7950,False
7951,False
7952,False
7953,False
7954,False
7955,False
7956,False
7957,False
7958,False
7959,False
7960,False
7961,False
7962,False
7963,False
7964,False
7965,False
7966,False
7967,False
7968,False
7969,True
7970,False
7971,False
7972,False
7973,False
7974,False
7975,False
7976,False
7977,False
7978,False
7979,False
7980,False
7981,False
7982,False
7983,False
7984,False
7985,False
7986,False
7987,False
7988,False
7989,False
7990,False
7991,False
7992,False
7993,False
7994,False
7995,False
7996,False
7997,False
7998,False
7999,False
8000,False
8001,False
8002,False
8003,False
8004,False
8005,False
8006,False
8007,False
8008,False
8009,False
8010,False
8011,False
8012,False
8013,False
8014,False
8015,False
8016,False
8017,False
8018,False
8019,False
8020,False
8021,False
8022,False
8023,False
8024,False
8025,False
8026,False
8027,False
8028,False
8029,False
8030,False
8031,False
8032,False
8033,False
8034,False
8035,False
8036,False
8037,False
8038,False
8039,False
8040,False
8041,False
8042,False
8043,False
8044,False
8045,False
8046,False
8047,False
8048,False
8049,False
8050,False
8051,False
8052,False
8053,False
8054,False
8055,False
8056,False
8057,False
8058,False
8059,False
8060,False
8061,False
8062,False
8063,False
8064,False
8065,False
8066,True
8067,True
8068,True
8069,True
8070,True
8071,True
8072,True
8073,True
8074,True
8075,True
8076,True
8077,True
8078,True
8079,True
8080,True
8081,True
8082,True
8083,True
8084,True
8085,True
8086,True
8087,True
8088,True
8089,False
8090,False
8091,False
8092,True
8093,False
8094,False
8095,False
8096,False
8097,False
8098,False
8099,True
8100,True
8101,True
8102,True
8103,False
8104,False
8105,False
8106,False
8107,False
8108,False
8109,False
8110,True
8111,True
8112,False
8113,False
8114,False
8115,False
8116,True
8117,False
8118,False
8119,False
8120,True
8121,True
8122,True
8123,False
8124,False
8125,False
8126,False
8127,False
8128,False
8129,False
8130,False
8131,False
8132,False
8133,False
8134,False
8135,False
8136,False
8137,False
8138,False
8139,False
8140,False
8141,False
8142,True
8143,True
8144,True
8145,True
8146,True
8147,True
8148,True
8149,True
8150,True
8151,True
8152,True
8153,True
8154,True
8155,True
8156,True
8157,True
8158,True
8159,True
8160,True
8161,True
8162,True
8163,True
8164,True
8165,True
8166,True
8167,True
8168,True
8169,True
8170,True
8171,True
8172,True
8173,True
8174,True
8175,True
8176,True
8177,True
8178,True
8179,True
8180,True
8181,True
8182,True
8183,True
8184,False
8185,False
8186,False
8187,False
8188,False
8189,False
8190,False
8191,False
8192,False
8193,False
8194,False
8195,False
8196,False
8197,False
8198,False
8199,False
8200,False
8201,False
8202,False
8203,False
8204,False
8205,False
8206,False
8207,False
8208,False
8209,False
8210,False
8211,False
8212,False
8213,False
8214,False
8215,False
8216,False
8217,False
8218,False
8219,False
8220,False
8221,False
8222,False
8223,False
8224,False
8225,False
8226,False
8227,False
8228,False
8229,False
8230,False
8231,False
8232,False
8233,False
8234,False
8235,False
8236,False
8237,False
8238,False
8239,False
8240,False
8241,False
8242,False
8243,False
8244,False
8245,False
8246,False
8247,False
8248,False
8249,False
8250,False
8251,False
8252,False
8253,False
8254,False
8255,False
8256,False
8257,False
8258,False
8259,False
8260,False
8261,False
8262,False
8263,False
8264,False
8265,False
8266,False
8267,False
8268,False
8269,False
8270,False
8271,False
8272,False
8273,False
8274,False
8275,False
8276,False
8277,False
8278,False
8279,False
8280,False
8281,False
8282,False
8283,False
8284,False
8285,False
8286,False
8287,False
8288,False
8289,False
8290,False
8291,False
8292,False
8293,False
8294,False
8295,False
8296,False
8297,False
8298,False
8299,False
8300,False
8301,False
8302,False
8303,False
8304,False
8305,False
8306,False
8307,False
8308,False
8309,False
8310,False
8311,False
8312,False
8313,False
8314,False
8315,False
8316,False
8317,False
8318,False
8319,False
8320,False
8321,False
8322,False
8323,False
8324,False
8325,False
8326,False
8327,False
8328,False
8329,False
8330,False
8331,False
8332,False
8333,False
8334,False
8335,False
8336,False
8337,False
8338,False
8339,False
8340,False
8341,False
8342,False
8343,False
8344,False
8345,False
8346,False
8347,False
8348,False
8349,False
8350,False
8351,False
8352,False
8353,False
8354,False
8355,False
8356,False
8357,False
8358,False
8359,False
8360,False
8361,False
8362,False
8363,False
8364,False
8365,False
8366,False
8367,False
8368,False
8369,False
8370,False
8371,False
8372,False
8373,False
8374,False
8375,False
8376,False
8377,False
8378,False
8379,False
8380,False
8381,False
8382,False
8383,False
8384,False
8385,False
8386,False
8387,False
8388,False
8389,False
8390,False
8391,False
8392,False
8393,False
8394,False
8395,False
8396,False
8397,False
8398,False
8399,False
8400,False
8401,False
8402,False
8403,False
8404,False
8405,False
8406,False
8407,False
8408,False
8409,False
8410,False
8411,False
8412,False
8413,False
8414,False
8415,False
8416,False
8417,False
8418,False
8419,False
8420,False
8421,False
8422,False
8423,False
8424,False
8425,False
8426,False
8427,False
8428,False
8429,False
8430,False
8431,False
8432,False
8433,False
8434,False
8435,False
8436,False
8437,False
8438,False
8439,False
8440,False
8441,False
8442,False
8443,False
8444,False
8445,False
8446,False
8447,False
8448,False
8449,False
8450,False
8451,False
8452,False
8453,False
8454,False
8455,False
8456,False
8457,False
8458,False
8459,False
8460,False
8461,False
8462,False
8463,False
8464,False
8465,False
8466,False
8467,False
8468,False
8469,False
8470,False
8471,False
8472,False
8473,False
8474,False
8475,False
8476,False
8477,False
8478,False
8479,False
8480,False
8481,False
8482,False
8483,False
8484,False
8485,False
8486,False
8487,False
8488,False
8489,False
8490,False
8491,False
8492,False
8493,False
8494,False
8495,False
8496,False
8497,False
8498,False
8499,False
8500,False
8501,False
8502,False
8503,False
8504,False
8505,False
8506,False
8507,False
8508,False
8509,False
8510,False
8511,False
8512,False
8513,False
8514,False
8515,False
8516,False
8517,False
8518,False
8519,False
8520,False
8521,False
8522,False
8523,False
8524,False
8525,False
8526,False
8527,False
8528,False
8529,False
8530,False
8531,False
8532,False
8533,False
8534,False
8535,False
8536,False
8537,False
8538,False
8539,False
8540,False
8541,False
8542,False
8543,False
8544,False
8545,False
8546,False
8547,False
8548,False
8549,False
8550,False
8551,False
8552,False
8553,False
8554,False
8555,False
8556,False
8557,False
8558,False
8559,False
8560,False
8561,False
8562,False
8563,False
8564,False
8565,False
8566,False
8567,False
8568,False
8569,False
8570,False
8571,False
8572,False
8573,False
8574,False
8575,False
8576,False
8577,False
8578,False
8579,False
8580,False
8581,False
8582,False
8583,False
8584,False
8585,False
8586,False
8587,False
8588,False
8589,False
8590,False
8591,False
8592,False
8593,False
8594,False
8595,False
8596,False
8597,False
8598,False
8599,False
8600,False
8601,False
8602,False
8603,False
8604,False
8605,False
8606,False
8607,False
8608,False
8609,False
8610,False
8611,False
8612,False
8613,False
8614,False
8615,False
8616,False
8617,False
8618,False
8619,False
8620,False
8621,False
8622,False
8623,False
8624,False
8625,False
8626,False
8627,False
8628,False
8629,False
8630,False
8631,False
8632,False
8633,False
8634,False
8635,False
8636,False
8637,False
8638,False
8639,False
8640,False
8641,False
8642,False
8643,False
8644,False
8645,False
8646,False
8647,False
8648,False
8649,False
8650,False
8651,False
8652,False
8653,False
8654,False
8655,False
8656,False
8657,False
8658,False
8659,False
8660,False
8661,False
8662,False
8663,False
8664,False
8665,False
8666,False
8667,False
8668,False
8669,False
8670,False
8671,False
8672,False
8673,False
8674,False
8675,False
8676,False
8677,False
8678,False
8679,False
8680,False
8681,False
8682,False
8683,False
8684,False
8685,False
8686,False
8687,False
8688,False
8689,False
8690,False
8691,False
8692,False
8693,False
8694,False
8695,False
8696,False
8697,False
8698,False
8699,False
8700,False
8701,False
8702,False
8703,False
8704,False
8705,False
8706,False
8707,False
8708,False
8709,False
8710,False
8711,False
8712,False
8713,False
8714,False
8715,False
8716,False
8717,False
8718,False
8719,False
8720,False
8721,False
8722,False
8723,False
8724,False
8725,False
8726,False
8727,False
8728,False
8729,False
8730,False
8731,False
8732,False
8733,False
8734,False
8735,False
8736,False
8737,False
8738,False
8739,False
8740,False
8741,False
8742,False
8743,False
8744,False
8745,False
8746,False
8747,False
8748,False
8749,False
8750,False
8751,False
8752,False
8753,False
8754,False
8755,False
8756,False
8757,False
8758,False
8759,False
8760,False
8761,False
8762,False
8763,False
8764,False
8765,False
8766,False
8767,False
8768,False
8769,False
8770,False
8771,False
8772,False
8773,False
8774,False
8775,False
8776,False
8777,False
8778,False
8779,False
8780,False
8781,False
8782,False
8783,False
8784,False
8785,False
8786,False
8787,False
8788,False
8789,False
8790,False
8791,False
8792,False
8793,False
8794,False
8795,False
8796,False
8797,False
8798,False
8799,False
8800,False
8801,False
8802,False
8803,False
8804,False
8805,False
8806,False
8807,False
8808,False
8809,False
8810,False
8811,False
8812,False
8813,False
8814,False
8815,False
8816,False
8817,False
8818,False
8819,True
8820,False
8821,False
8822,False
8823,False
8824,False
8825,False
8826,False
8827,False
8828,False
8829,True
8830,True
8831,False
8832,False
8833,False
8834,False
8835,False
8836,False
8837,False
8838,False
8839,False
8840,False
8841,False
8842,False
8843,False
8844,False
8845,False
8846,False
8847,False
8848,False
8849,False
8850,False
8851,False
8852,False
8853,False
8854,True
8855,True
8856,True
8857,True
8858,True
8859,True
8860,True
8861,True
8862,True
8863,True
8864,True
8865,True
8866,True
8867,True
8868,True
8869,True
8870,True
8871,True
8872,True
8873,True
8874,True
8875,True
8876,True
8877,True
8878,True
8879,True
8880,True
8881,True
8882,True
8883,True
8884,True
8885,True
8886,True
8887,True
8888,True
8889,True
8890,True
8891,True
8892,True
8893,True
8894,True
8895,True
8896,True
8897,True
8898,True
8899,True
8900,True
8901,True
8902,True
8903,True
8904,True
8905,True
8906,True
8907,True
8908,True
8909,True
8910,True
8911,True
8912,True
8913,True
8914,True
8915,True
8916,True
8917,True
8918,True
8919,True
8920,True
8921,True
8922,True
8923,True
8924,True
8925,True
8926,True
8927,True
8928,True
8929,True
8930,True
8931,True
8932,True
8933,True
8934,True
8935,True
8936,True
8937,True
8938,True
8939,True
8940,True
8941,True
8942,True
8943,True
8944,True
8945,True
8946,True
8947,True
8948,True
8949,True
8950,True
8951,True
8952,True
8953,True
8954,True
8955,True
8956,True
8957,True
8958,True
8959,True
8960,True
8961,True
8962,True
8963,True
8964,True
8965,True
8966,True
8967,True
8968,True
8969,True
8970,True
8971,True
8972,True
8973,True
8974,True
8975,True
8976,True
8977,True
8978,True
8979,True
8980,True
8981,True
8982,True
8983,True
8984,True
8985,True
8986,True
8987,True
8988,True
8989,True
8990,True
8991,True
8992,True
8993,True
8994,True
8995,True
8996,True
8997,True
8998,True
8999,True
9000,True
9001,True
9002,False
9003,False
9004,False
9005,False
9006,False
9007,False
9008,False
9009,False
9010,False
9011,False
9012,False
9013,False
9014,False
9015,False
9016,False
9017,False
9018,False
9019,False
9020,False
9021,False
9022,False
9023,False
9024,False
9025,False
9026,False
9027,False
9028,False
9029,False
9030,False
9031,False
9032,False
9033,False
9034,False
9035,False
9036,True
9037,True
9038,True
9039,True
9040,True
9041,True
9042,True
9043,True
9044,True
9045,True
9046,True
9047,True
9048,True
9049,True
9050,True
9051,True
9052,True
9053,True
9054,True
9055,True
9056,True
9057,False
9058,False
9059,False
9060,False
9061,False
9062,False
9063,False
9064,False
9065,False
9066,True
9067,False
9068,False
9069,False
9070,False
9071,False
9072,False
9073,False
9074,False
9075,False
9076,False
9077,False
9078,False
9079,False
9080,False
9081,False
9082,False
9083,False
9084,False
9085,False
9086,False
9087,False
9088,False
9089,False
9090,False
9091,False
9092,False
9093,False
9094,False
9095,False
9096,False
9097,False
9098,False
9099,False
9100,False
9101,False
9102,False
9103,False
9104,False
9105,False
9106,False
9107,False
9108,False
9109,False
9110,False
9111,False
9112,False
9113,False
9114,False
9115,False
9116,False
9117,False
9118,False
9119,False
9120,False
9121,False
9122,False
9123,False
9124,False
9125,False
9126,False
9127,False
9128,False
9129,False
9130,False
9131,False
9132,False
9133,False
9134,False
9135,False
9136,False
9137,False
9138,False
9139,False
9140,False
9141,False
9142,False
9143,False
9144,False
9145,False
9146,False
9147,False
9148,False
9149,False
9150,False
9151,False
9152,False
9153,False
9154,False
9155,False
9156,False
9157,False
9158,False
9159,False
9160,False
9161,False
9162,False
9163,False
9164,False
9165,False
9166,False
9167,False
9168,False
9169,False
9170,False
9171,False
9172,False
9173,False
9174,False
9175,False
9176,False
9177,False
9178,False
9179,False
9180,False
9181,False
9182,False
9183,False
9184,False
9185,False
9186,False
9187,False
9188,False
9189,False
9190,False
9191,False
9192,False
9193,False
9194,False
9195,False
9196,False
9197,False
9198,False
9199,False
9200,False
9201,False
9202,False
9203,False
9204,False
9205,False
9206,False
9207,False
9208,False
9209,False
9210,False
9211,False
9212,False
9213,False
9214,False
9215,False
9216,False
9217,False
9218,False
9219,False
9220,False
9221,False
9222,False
9223,False
9224,False
9225,False
9226,False
9227,False
9228,False
9229,False
9230,False
9231,False
9232,False
9233,False
9234,False
9235,False
9236,False
9237,False
9238,False
9239,False
9240,False
9241,False
9242,False
9243,False
9244,False
9245,False
9246,False
9247,False
9248,False
9249,False
9250,False
9251,False
9252,False
9253,False
9254,False
9255,False
9256,False
9257,False
9258,False
9259,False
9260,False
9261,False
9262,False
9263,False
9264,False
9265,False
9266,False
9267,False
9268,False
9269,False
9270,False
9271,False
9272,False
9273,False
9274,False
9275,False
9276,False
9277,False
9278,False
9279,False
9280,False
9281,False
9282,False
9283,False
9284,False
9285,False
9286,False
9287,False
9288,False
9289,False
9290,False
9291,False
9292,False
9293,False
9294,False
9295,False
9296,False
9297,False
9298,False
9299,False
9300,False
9301,False
9302,False
9303,False
9304,False
9305,False
9306,False
9307,False
9308,False
9309,False
9310,False
9311,False
9312,False
9313,False
9314,False
9315,False
9316,False
9317,False
9318,False
9319,False
9320,False
9321,False
9322,False
9323,False
9324,False
9325,False
9326,False
9327,False
9328,False
9329,False
9330,False
9331,False
9332,False
9333,False
9334,False
9335,False
9336,False
9337,False
9338,False
9339,False
9340,False
9341,False
9342,False
9343,False
9344,False
9345,False
9346,False
9347,False
9348,False
9349,False
9350,False
9351,False
9352,False
9353,False
9354,False
9355,False
9356,False
9357,False
9358,False
9359,False
9360,False
9361,False
9362,False
9363,False
9364,False
9365,False
9366,False
9367,False
9368,False
9369,False
9370,False
9371,False
9372,False
9373,False
9374,False
9375,False
9376,False
9377,False
9378,False
9379,False
9380,False
9381,False
9382,False
9383,False
9384,False
9385,False
9386,False
9387,False
9388,False
9389,False
9390,False
9391,False
9392,False
9393,False
9394,False
9395,False
9396,False
9397,False
9398,False
9399,False
9400,False
9401,False
9402,False
9403,False
9404,False
9405,False
9406,False
9407,False
9408,False
9409,False
9410,False
9411,False
9412,False
9413,False
9414,False
9415,False
9416,False
9417,False
9418,False
9419,False
9420,False
9421,False
9422,False
9423,False
9424,False
9425,False
9426,False
9427,False
9428,False
9429,False
9430,False
9431,False
9432,False
9433,False
9434,False
9435,False
9436,False
9437,False
9438,False
9439,False
9440,False
9441,False
9442,False
9443,False
9444,False
9445,False
9446,False
9447,False
9448,False
9449,False
9450,False
9451,False
9452,False
9453,False
9454,False
9455,True
9456,False
9457,True
9458,True
9459,True
9460,True
9461,True
9462,False
9463,True
9464,True
9465,True
9466,True
9467,False
9468,False
9469,False
9470,False
9471,False
9472,False
9473,False
9474,False
9475,True
9476,True
9477,True
9478,True
9479,True
9480,True
9481,True
9482,True
9483,False
9484,False
9485,False
9486,False
9487,False
9488,False
9489,False
9490,False
9491,False
9492,False
9493,False
9494,False
9495,False
9496,True
9497,True
9498,False
9499,False
9500,True
9501,True
9502,True
9503,True
9504,True
9505,True
9506,True
9507,True
9508,True
9509,True
9510,True
9511,True
9512,True
9513,True
9514,True
9515,True
9516,True
9517,True
9518,True
9519,True
9520,True
9521,True
9522,True
9523,True
9524,True
9525,True
9526,True
